id;name;Nation;Position;Squad;Age;Born;90s;CrdY;CrdR;2CrdY;Fls;Fld;Off;Crs;Int;TklW;PKwon;PKcon;OG;Recov;Won;Lost;Won%;Matches
1,Tammy Abraham\Tammy-Abraham,eng ENG,FW,eng Chelsea,21,1997,5.4,0,0,0,12,4,3,2,1,4,0,0,1,14,22,9,71.0,Matches
2,Tyler Adams\Tyler-Adams,us USA,DF,de RB Leipzig,20,1999,0.4,0,0,0,0,0,0,1,0,0,0,0,0,5,1,0,100.0,Matches
3,Arijan Ademi\Arijan-Ademi,mk MKD,MFDF,hr Dinamo Zagreb,28,1991,5.7,3,0,0,10,3,3,0,2,4,0,0,0,41,3,4,42.9,Matches
4,Adrián\Adrian,es ESP,GK,eng Liverpool,32,1987,3.3,0,0,0,0,0,0,0,0,0,0,0,0,19,0,0,,Matches
5,Sergio Agüero\Sergio-Aguero,ar ARG,FW,eng Manchester City,31,1988,2.2,0,0,0,1,2,0,2,0,0,0,0,0,11,2,3,40.0,Matches
6,Manuel Akanji\Manuel-Akanji,ch SUI,DF,de Dortmund,24,1995,5.8,0,0,0,3,6,0,0,9,2,0,0,0,48,10,6,62.5,Matches
7,David Alaba\David-Alaba,at AUT,DF,de Bayern Munich,27,1992,3.5,0,0,0,0,1,0,4,1,2,0,0,0,38,5,1,83.3,Matches
8,Lucas Alario\Lucas-Alario,ar ARG,FW,de Leverkusen,26,1992,2.4,0,0,0,5,3,3,0,3,1,0,0,0,6,4,7,36.4,Matches
9,Jordi Alba\Jordi-Alba,es ESP,DF,es Barcelona,30,1989,1.9,1,0,0,0,4,0,2,2,1,0,0,0,14,1,3,25.0,Matches
10,Paco Alcácer\Paco-Alcacer,es ESP,FW,de Dortmund,25,1993,1.3,0,0,0,0,0,1,2,4,1,0,0,0,3,0,3,0.0,Matches
11,Thiago Alcántara\Thiago-Alcantara,es ESP,MF,de Bayern Munich,28,1991,5.5,2,0,0,8,6,0,0,18,19,0,0,0,94,9,3,75.0,Matches
12,Toby Alderweireld\Toby-Alderweireld,be BEL,DF,eng Tottenham,30,1989,6.0,1,0,0,5,0,0,0,5,2,0,0,0,45,8,10,44.4,Matches
13,Carles Aleñá\Carles-Alena,es ESP,MF,es Barcelona,21,1998,1.0,0,0,0,1,2,0,3,1,3,0,0,0,5,1,1,50.0,Matches
14,Trent Alexander-Arnold\Trent-Alexander-Arnold,eng ENG,DF,eng Liverpool,20,1998,6.5,1,0,0,4,2,0,78,8,5,0,0,0,70,3,14,17.6,Matches
15,Alisson\Alisson,br BRA,GK,eng Liverpool,26,1992,5.0,0,0,0,0,0,0,0,0,0,0,0,0,34,0,0,,Matches
16,Allan\Allan,br BRA,MF,it Napoli,28,1991,4.9,1,0,0,7,8,0,0,5,16,0,0,0,55,2,3,40.0,Matches
17,Dele Alli\Dele-Alli,eng ENG,MFFW,eng Tottenham,23,1996,5.7,1,0,0,10,13,2,4,4,6,0,0,0,38,5,9,35.7,Matches
18,André Almeida\Andre-Almeida,pt POR,DF,pt Benfica,28,1990,1.0,0,0,0,3,2,0,0,1,0,0,0,0,10,2,3,40.0,Matches
19,Marcos Alonso\Marcos-Alonso,es ESP,DF,eng Chelsea,28,1990,4.4,0,1,0,10,6,0,12,5,8,0,0,0,52,18,2,90.0,Matches
20,Éder Álvarez Balanta\Eder-Alvarez-Balanta,co COL,MF,be Club Brugge,26,1993,3.2,2,0,0,7,1,2,0,6,9,0,0,0,32,3,4,42.9,Matches
21,Edson Álvarez\Edson-Alvarez,mx MEX,MF,nl Ajax,21,1997,4.2,1,0,0,8,6,0,2,6,7,0,1,0,32,10,5,66.7,Matches
22,Nadiem Amiri\Nadiem-Amiri,de GER,FWMF,de Leverkusen,22,1996,2.6,0,1,0,2,7,0,9,1,8,0,0,0,24,1,2,33.3,Matches
23,Ethan Ampadu\Ethan-Ampadu,wal WAL,DF,de RB Leipzig,18,2000,2.0,0,0,0,0,1,1,0,5,0,0,0,0,12,5,0,100.0,Matches
24,Joachim Andersen\Joachim-Andersen,dk DEN,DF,fr Lyon,23,1996,4.0,1,0,0,2,1,0,0,6,2,0,0,0,51,11,6,64.7,Matches
25,Florin Andone\Florin-Andone,ro ROU,FW,tr Galatasaray,26,1993,1.8,0,0,0,3,1,2,1,0,0,0,0,0,4,8,7,53.3,Matches
26,Benjamin André\Benjamin-Andre,fr FRA,MF,fr Lille,28,1990,4.5,1,0,0,12,7,0,6,12,14,0,0,0,57,14,14,50.0,Matches
27,Miguel Ángel Guerrero\Miguel-Angel-Guerrero,es ESP,FW,gr Olympiacos,29,1990,3.5,1,0,0,8,1,1,2,0,1,0,0,0,10,8,16,33.3,Matches
28,Angeliño\Angelino,es ESP,DF,de RB Leipzig,22,1997,2.0,0,0,0,1,1,0,11,1,0,0,0,0,13,1,7,12.5,Matches
29,Angeliño\Angelino,es ESP,DF,eng Manchester City,22,1997,1.0,0,0,0,0,1,0,3,1,3,0,0,0,7,2,0,100.0,Matches
30,Marcos Antônio\Marcos-Antonio,br BRA,MF,ua Shakhtar,19,2000,0.3,0,0,0,0,2,0,0,2,1,0,0,0,6,1,1,50.0,Matches
31,Houssem Aouar\Houssem-Aouar,fr FRA,FWMF,fr Lyon,21,1998,4.9,0,0,0,4,13,1,7,2,8,0,0,0,35,4,4,50.0,Matches
32,Youssef El-Arabi\Youssef-El-Arabi,ma MAR,FW,gr Olympiacos,32,1987,3.1,1,0,0,6,5,1,0,0,0,0,0,0,10,7,15,31.8,Matches
33,Charles Aránguiz\Charles-Aranguiz,cl CHI,MF,de Leverkusen,30,1989,4.6,2,0,0,9,9,0,5,1,3,0,0,0,60,1,6,14.3,Matches
34,Luiz Araújo\Luiz-Araujo,br BRA,FWMF,fr Lille,23,1996,3.1,1,0,0,4,3,0,4,5,1,0,0,0,19,2,6,25.0,Matches
35,Alphonse Areola\Alphonse-Areola,fr FRA,GK,es Real Madrid,26,1993,1.5,0,0,0,0,0,0,0,0,0,0,0,0,8,0,0,,Matches
36,Santiago Arias\Santiago-Arias,co COL,DF,es Atlético Madrid,27,1992,2.0,0,0,0,1,5,0,8,3,3,0,0,0,21,7,4,63.6,Matches
37,Kepa Arrizabalaga\Kepa-Arrizabalaga,es ESP,GK,eng Chelsea,24,1994,6.0,1,0,0,0,0,0,0,0,0,0,0,1,19,1,0,100.0,Matches
38,Kwadwo Asamoah\Kwadwo-Asamoah,gh GHA,DF,it Inter,30,1988,2.9,1,0,0,3,5,0,2,1,1,0,0,0,22,3,0,100.0,Matches
39,Majeed Ashimeru\Majeed-Ashimeru,gh GHA,MFFW,at RB Salzburg,21,1997,0.7,0,0,0,0,1,0,0,0,2,0,0,0,7,0,1,0.0,Matches
40,Iyayi Atiemwen\Iyayi-Atiemwen,ng NGA,FW,hr Dinamo Zagreb,23,1996,0.1,0,0,0,0,0,1,0,0,0,0,0,0,1,1,0,100.0,Matches
41,Serge Aurier\Serge-Aurier,ci CIV,DF,eng Tottenham,26,1992,5.0,0,0,0,7,9,0,14,2,5,0,0,0,50,16,5,76.2,Matches
42,Sardar Azmoun\Sardar-Azmoun,ir IRN,FW,ru Zenit,24,1995,5.1,1,0,0,8,1,3,6,3,1,0,0,1,18,15,18,45.5,Matches
43,César Azpilicueta\Cesar-Azpilicueta,es ESP,DF,eng Chelsea,29,1989,6.8,2,0,0,11,1,0,19,12,9,0,0,0,59,15,7,68.2,Matches
44,Ryan Babel\Ryan-Babel,nl NED,FW,tr Galatasaray,32,1986,3.7,1,0,0,7,6,2,3,0,1,0,0,0,17,7,9,43.8,Matches
45,Leon Bailey\Leon-Bailey,jm JAM,FWMF,de Leverkusen,21,1997,1.3,0,0,0,1,3,0,10,0,1,0,0,0,10,1,1,50.0,Matches
46,Gareth Bale\Gareth-Bale,wal WAL,FW,es Real Madrid,30,1989,1.3,0,0,0,1,2,0,2,4,0,0,0,0,2,1,1,50.0,Matches
47,Leonardo Balerdi\Leonardo-Balerdi,ar ARG,DF,de Dortmund,20,1999,0.1,0,0,0,1,0,0,0,0,0,0,0,0,0,0,0,,Matches
48,Jonathan Bamba\Jonathan-Bamba,fr FRA,FWMF,fr Lille,23,1996,3.1,0,0,0,2,2,0,12,3,3,0,0,0,25,3,5,37.5,Matches
49,Nicolò Barella\Nicolo-Barella,it ITA,MF,it Inter,22,1997,3.2,2,0,0,8,13,0,3,8,6,0,0,0,30,3,2,60.0,Matches
50,Dmitri Barinov\Dmitri-Barinov,ru RUS,MF,ru Loko Moscow,22,1996,5.0,3,0,0,16,5,0,1,6,5,0,0,0,37,5,5,50.0,Matches
51,Ross Barkley\Ross-Barkley,eng ENG,FWMF,eng Chelsea,25,1993,0.8,0,0,0,1,1,0,2,0,1,0,0,0,3,0,0,,Matches
52,Wílmar Barrios\Wilmar-Barrios,co COL,MF,ru Zenit,25,1993,6.0,2,0,0,9,15,0,0,23,15,0,0,0,72,4,7,36.4,Matches
53,Musa Barrow\Musa-Barrow,gm GAM,FW,it Atalanta,20,1998,0.0,0,0,0,0,0,0,0,0,0,0,0,0,0,0,0,,Matches
54,Michy Batshuayi\Michy-Batshuayi,be BEL,FW,eng Chelsea,25,1993,1.0,0,0,0,5,0,2,0,0,0,0,0,0,6,2,3,40.0,Matches
55,Julian Baumgartlinger\Julian-Baumgartlinger,at AUT,MF,de Leverkusen,31,1988,3.8,0,0,0,8,2,0,1,3,9,0,0,0,44,7,2,77.8,Matches
56,Ömer Bayram\Omer-Bayram,tr TUR,FWMF,tr Galatasaray,28,1991,2.8,0,0,0,2,6,0,15,3,1,0,0,0,20,0,8,0.0,Matches
57,Donny van de Beek\Donny-van-de-Beek,nl NED,MF,nl Ajax,22,1997,5.0,1,0,0,6,4,1,1,10,8,0,0,0,50,6,6,50.0,Matches
58,Younès Belhanda\Younes-Belhanda,ma MAR,MF,tr Galatasaray,29,1990,3.4,1,0,0,9,4,0,0,3,6,0,0,0,22,1,0,100.0,Matches
59,Karim Bellarabi\Karim-Bellarabi,de GER,FWMF,de Leverkusen,29,1990,4.6,2,0,0,9,1,3,27,2,4,0,0,0,50,0,2,0.0,Matches
60,Lars Bender\Lars-Bender,de GER,DF,de Leverkusen,30,1989,3.0,0,0,0,5,2,1,8,5,9,0,0,0,23,4,7,36.4,Matches
61,Sven Bender\Sven-Bender,de GER,DF,de Leverkusen,30,1989,6.0,0,0,0,6,3,0,0,18,8,0,0,0,68,17,5,77.3,Matches
62,Rodrigo Bentancur\Rodrigo-Bentancur,uy URU,MF,it Juventus,22,1997,3.7,1,0,0,10,7,1,11,5,11,0,0,0,40,10,3,76.9,Matches
63,Karim Benzema\Karim-Benzema,fr FRA,FW,es Real Madrid,31,1987,6.2,0,0,0,2,1,1,1,2,2,0,0,0,18,7,9,43.8,Matches
64,Yassine Benzia\Yassine-Benzia,dz ALG,MF,gr Olympiacos,24,1994,0.9,2,1,1,3,6,0,1,0,4,0,0,0,4,1,1,50.0,Matches
65,Sander Berge\Sander-Berge,no NOR,MF,be Genk,21,1998,6.0,0,0,0,3,3,1,9,7,7,0,0,0,66,12,6,66.7,Matches
66,Steven Bergwijn\Steven-Bergwijn,nl NED,MFFW,eng Tottenham,21,1997,1.0,0,0,0,1,1,0,0,0,1,0,0,0,6,2,2,50.0,Matches
67,Federico Bernardeschi\Federico-Bernardeschi,it ITA,MF,it Juventus,25,1994,2.1,0,0,0,1,5,0,7,0,1,0,0,0,14,0,3,0.0,Matches
68,Juan Bernat\Juan-Bernat,es ESP,DF,fr Paris S-G,26,1993,6.8,2,0,0,6,8,1,6,7,8,0,0,0,41,9,3,75.0,Matches
69,Antoine Bernede\Antoine-Bernede,fr FRA,MF,at RB Salzburg,20,1999,1.0,1,0,0,1,0,0,0,0,2,0,0,0,20,0,1,0.0,Matches
70,Cristiano Biraghi\Cristiano-Biraghi,it ITA,DF,it Inter,26,1992,2.4,1,0,0,2,1,0,15,3,2,0,0,0,9,1,0,100.0,Matches
71,Daley Blind\Daley-Blind,nl NED,DF,nl Ajax,29,1990,4.7,3,1,1,5,3,0,3,5,5,0,0,0,59,14,7,66.7,Matches
72,Richmond Boakye\Richmond-Boakye,gh GHA,FW,rs Red Star,26,1993,2.1,1,0,0,2,8,0,0,0,0,0,0,0,11,3,18,14.3,Matches
73,Jérôme Boateng\Jerome-Boateng,de GER,DF,de Bayern Munich,30,1988,4.1,0,0,0,2,1,0,2,6,3,0,0,0,52,7,2,77.8,Matches
74,Serhiy Bolbat\Serhiy-Bolbat,ua UKR,DF,ua Shakhtar,26,1993,2.7,2,0,0,5,7,0,1,4,5,0,0,0,23,1,3,25.0,Matches
75,Theo Bongonda\Theo-Bongonda,be BEL,MFFW,be Genk,23,1995,2.9,1,0,0,2,7,1,16,0,2,0,0,0,17,1,3,25.0,Matches
76,Leonardo Bonucci\Leonardo-Bonucci,it ITA,DF,it Juventus,32,1987,6.0,1,0,0,4,5,0,2,5,2,0,0,0,54,5,9,35.7,Matches
77,Neto Borges\Neto-Borges,br BRA,DF,be Genk,22,1996,0.1,0,0,0,0,0,0,1,0,0,0,0,0,1,1,0,100.0,Matches
78,Jan Bo?il\Jan-Boril,cz CZE,DF,cz Slavia Prague,28,1991,6.0,2,0,0,11,7,1,10,7,2,0,0,0,62,9,11,45.0,Matches
79,Milan Borjan\Milan-Borjan,ca CAN,GK,rs Red Star,31,1987,6.0,1,0,0,0,1,0,0,0,0,0,0,0,25,0,0,,Matches
80,Andreas Bouchalakis\Andreas-Bouchalakis,gr GRE,MF,gr Olympiacos,26,1993,5.3,1,0,0,7,1,0,1,10,7,0,0,0,50,8,5,61.5,Matches
81,Domagoj Bradari?\Domagoj-Bradaric,hr CRO,DF,fr Lille,19,1999,3.0,1,0,0,3,2,0,15,2,2,0,0,0,36,1,2,33.3,Matches
82,Julian Brandt\Julian-Brandt,de GER,MFFW,de Dortmund,23,1996,5.4,1,0,0,4,1,2,8,2,4,0,0,0,40,7,7,50.0,Matches
83,Erling Braut Håland\Erling-Braut-Haland,no NOR,FW,at RB Salzburg,19,2000,4.1,1,0,0,7,1,2,3,1,1,0,0,0,20,5,8,38.5,Matches
84,Erling Braut Håland\Erling-Braut-Haland,no NOR,FW,de Dortmund,19,2000,2.0,1,0,0,4,2,0,0,2,4,0,0,0,2,4,8,33.3,Matches
85,Claudio Bravo\Claudio-Bravo,cl CHI,GK,eng Manchester City,36,1983,1.4,0,1,0,1,0,0,0,0,0,0,0,0,6,0,0,,Matches
86,Marcelo Brozovi?\Marcelo-Brozovic,hr CRO,MF,it Inter,26,1992,5.8,1,0,0,9,7,0,4,11,10,0,0,0,64,2,2,50.0,Matches
87,Jacob Bruun Larsen\Jacob-Bruun-Larsen,dk DEN,FW,de Dortmund,20,1998,0.2,0,0,0,0,0,0,0,0,0,0,0,0,0,0,1,0.0,Matches
88,Gianluigi Buffon\Gianluigi-Buffon,it ITA,GK,it Juventus,41,1978,1.0,0,0,0,0,0,0,0,0,0,0,0,0,8,0,0,,Matches
89,Mick van Buren\Mick-van-Buren,nl NED,FW,cz Slavia Prague,26,1992,0.5,0,0,0,0,0,0,0,0,0,0,0,0,4,0,1,0.0,Matches
90,Roman Bürki\Roman-Burki,ch SUI,GK,de Dortmund,28,1990,8.0,0,0,0,0,2,0,0,0,0,0,0,0,36,0,0,,Matches
91,Sergio Busquets\Sergio-Busquets,es ESP,MF,es Barcelona,31,1988,4.8,3,0,0,7,8,0,0,14,9,0,0,0,50,5,2,71.4,Matches
92,Adem Büyük\Adem-Buyuk,tr TUR,FW,tr Galatasaray,31,1987,1.0,0,0,0,2,6,0,0,0,0,0,0,0,9,5,11,31.3,Matches
93,Willy Caballero\Willy-Caballero,ar ARG,GK,eng Chelsea,37,1981,1.0,0,0,0,0,0,0,0,0,0,0,0,0,6,0,0,,Matches
94,Mattia Caldara\Mattia-Caldara,it ITA,DF,it Atalanta,25,1994,1.8,0,0,0,3,2,0,0,4,2,0,0,0,12,2,2,50.0,Matches
95,José Callejón\Jose-Callejon,es ESP,MF,it Napoli,32,1987,5.6,0,0,0,4,9,0,22,2,3,2,0,0,24,0,7,0.0,Matches
96,Mohamed Camara\Mohamed-Camara,gn GUI,MF,gr Olympiacos,22,1997,4.6,1,0,0,6,10,0,3,5,5,0,0,0,55,8,9,47.1,Matches
97,Emre Can\Emre-Can,de GER,MF,de Dortmund,25,1994,2.0,0,1,0,6,2,0,1,1,1,0,0,0,27,1,2,33.3,Matches
98,José Cañas\Jose-Canas,es ESP,MF,rs Red Star,32,1987,3.5,0,0,0,1,5,0,0,4,4,0,0,0,25,2,2,50.0,Matches
99,João Cancelo\Joao-Cancelo,pt POR,DF,eng Manchester City,25,1994,4.3,1,0,0,4,1,0,9,8,9,0,0,0,37,6,2,75.0,Matches
100,Antonio Candreva\Antonio-Candreva,it ITA,DF,it Inter,32,1987,4.3,2,0,0,3,6,1,16,4,1,0,0,0,24,2,2,50.0,Matches
101,Carlos\Carlos,br BRA,FW,pt Benfica,24,1995,3.6,0,0,0,1,3,3,3,0,2,0,0,0,8,1,2,33.3,Matches
102,Dani Carvajal\Dani-Carvajal,es ESP,DF,es Real Madrid,27,1992,6.0,1,0,0,6,6,0,19,6,11,0,1,0,68,4,7,36.4,Matches
103,Casemiro\Casemiro,br BRA,MF,es Real Madrid,27,1992,6.7,1,0,0,10,8,1,5,8,17,0,0,0,91,14,10,58.3,Matches
104,Timothy Castagne\Timothy-Castagne,be BEL,DF,it Atalanta,23,1995,4.3,1,0,0,8,2,0,11,1,2,0,0,0,29,4,5,44.4,Matches
105,Edinson Cavani\Edinson-Cavani,uy URU,FW,fr Paris S-G,32,1987,1.5,0,0,0,3,3,2,0,0,2,0,0,0,4,3,4,42.9,Matches
106,Zeki Çelik\Zeki-Celik,tr TUR,DF,fr Lille,22,1997,6.0,2,0,0,9,6,0,16,12,8,0,0,0,49,4,9,30.8,Matches
107,Murilo Cerqueira\Murilo-Cerqueira,br BRA,MFDF,ru Loko Moscow,22,1997,4.1,1,0,0,7,4,0,1,15,7,0,0,0,36,5,2,71.4,Matches
108,Franco Cervi\Franco-Cervi,ar ARG,MF,pt Benfica,25,1994,4.4,0,0,0,3,6,1,9,3,6,0,0,0,34,2,6,25.0,Matches
109,Leonardo César Jardim\Leonardo-Cesar-Jardim,br BRA,GK,fr Lille,24,1995,0.2,0,0,0,0,0,0,0,0,0,0,0,0,2,0,0,,Matches
110,Rayan Cherki\Rayan-Cherki,fr FRA,MF,fr Lyon,15,2003,0.2,0,0,0,0,1,1,0,0,0,0,0,0,1,0,0,,Matches
111,Denis Cheryshev\Denis-Cheryshev,ru RUS,MF,es Valencia,28,1990,2.9,0,0,0,3,8,2,8,1,0,0,0,0,17,1,5,16.7,Matches
112,Chiquinho\Chiquinho,pt POR,MFFW,pt Benfica,24,1995,3.0,0,0,0,2,4,0,5,3,4,0,0,0,24,1,1,50.0,Matches
113,Andreas Christensen\Andreas-Christensen,dk DEN,DF,eng Chelsea,23,1996,3.0,0,0,0,1,2,0,0,5,1,0,0,0,21,5,3,62.5,Matches
114,Jasper Cillessen\Jasper-Cillessen,nl NED,GK,es Valencia,30,1989,6.0,0,0,0,0,0,0,0,0,0,0,0,0,26,0,0,,Matches
115,Kingsley Coman\Kingsley-Coman,fr FRA,FW,de Bayern Munich,23,1996,4.8,0,0,0,4,7,1,24,0,4,0,1,0,25,5,4,55.6,Matches
116,Dion Cools\Dion-Cools,be BEL,MF,be Club Brugge,23,1996,0.0,0,0,0,0,1,0,0,0,0,0,0,0,0,0,1,0.0,Matches
117,Francis Coquelin\Francis-Coquelin,fr FRA,MFDF,es Valencia,28,1991,4.8,2,0,0,5,9,0,0,12,9,0,0,0,57,5,5,50.0,Matches
118,Vedran ?orluka\Vedran-Corluka,hr CRO,DF,ru Loko Moscow,33,1986,5.8,1,0,0,6,3,1,0,13,6,0,0,0,28,16,4,80.0,Matches
119,Maxwel Cornet\Maxwel-Cornet,ci CIV,MFDF,fr Lyon,22,1996,3.1,1,0,0,4,4,1,14,2,3,0,0,0,27,3,6,33.3,Matches
120,Carlos Coronel\Carlos-Coronel,br BRA,GK,at RB Salzburg,22,1996,2.6,0,0,0,0,0,0,0,0,0,0,0,0,8,0,0,,Matches
121,Ángel Correa\Angel-Correa,ar ARG,MFFW,es Atlético Madrid,24,1995,4.9,2,0,0,11,5,1,4,5,6,0,0,0,29,1,5,16.7,Matches
122,Thierry Correia\Thierry-Correia,pt POR,DF,es Valencia,20,1999,0.2,0,0,0,0,0,0,3,1,1,0,0,0,1,1,0,100.0,Matches
123,Diego Costa\Diego-Costa,es ESP,FW,es Atlético Madrid,30,1988,4.3,1,0,0,6,4,2,1,0,2,0,0,0,13,12,23,34.3,Matches
124,Douglas Costa\Douglas-Costa,br BRA,MF,it Juventus,28,1990,0.2,1,0,0,0,1,0,2,0,1,0,0,0,1,0,0,,Matches
125,Jaume Costa\Jaume-Costa,es ESP,DF,es Valencia,31,1988,2.7,1,0,0,4,5,0,3,4,6,0,0,0,19,3,4,42.9,Matches
126,Gaëtan Coucke\Gaetan-Coucke,be BEL,GK,be Genk,20,1998,5.0,0,0,0,0,0,0,0,0,0,0,0,0,37,0,0,,Matches
127,Vladimír Coufal\Vladimir-Coufal,cz CZE,DF,cz Slavia Prague,26,1992,6.0,1,0,0,6,3,0,10,6,8,0,0,0,54,9,5,64.3,Matches
128,Thibaut Courtois\Thibaut-Courtois,be BEL,GK,es Real Madrid,27,1992,5.5,1,0,0,0,0,0,0,1,0,0,0,0,32,0,0,,Matches
129,Philippe Coutinho\Philippe-Coutinho,br BRA,MFFW,de Bayern Munich,27,1992,4.9,0,0,0,4,10,1,33,2,1,0,0,0,31,0,4,0.0,Matches
130,Juan Cuadrado\Juan-Cuadrado,co COL,DFFW,it Juventus,31,1988,4.8,3,0,0,7,17,0,15,10,3,0,0,0,32,3,2,60.0,Matches
131,Carlos Cuesta\Carlos-Cuesta,co COL,DFMF,be Genk,20,1999,4.0,0,0,0,3,0,0,0,7,3,0,0,0,29,9,3,75.0,Matches
132,Matheus Cunha\Matheus-Cunha,br BRA,FW,de RB Leipzig,20,1999,0.9,0,0,0,5,0,1,1,3,1,0,0,0,6,0,2,0.0,Matches
133,Danilo D'Ambrosio\Danilo-DAmbrosio,it ITA,DF,it Inter,30,1988,2.0,0,0,0,6,2,1,2,4,6,0,0,0,14,5,0,100.0,Matches
134,Colin Dagba\Colin-Dagba,fr FRA,DF,fr Paris S-G,20,1998,1.0,0,0,0,0,0,1,5,2,0,0,0,0,3,0,0,,Matches
135,Mahmoud Dahoud\Mahmoud-Dahoud,de GER,MFFW,de Dortmund,23,1996,0.3,0,0,0,2,0,0,0,1,1,0,0,0,4,1,0,100.0,Matches
136,Patson Daka\Patson-Daka,zm ZAM,FW,at RB Salzburg,20,1998,2.7,0,0,0,8,2,4,0,1,4,0,0,0,18,7,13,35.0,Matches
137,Danilo\Danilo,br BRA,DF,it Juventus,28,1991,5.0,0,0,0,4,3,0,10,9,4,0,0,0,42,9,4,69.2,Matches
138,Alphonso Davies\Alphonso-Davies,ca CAN,DF,de Bayern Munich,18,2000,4.0,0,0,0,3,2,1,8,4,10,0,0,0,56,3,0,100.0,Matches
139,Ben Davies\Ben-Davies,wal WAL,DF,eng Tottenham,26,1993,3.0,1,0,0,2,1,0,6,2,0,0,1,0,26,2,1,66.7,Matches
140,Kevin De Bruyne\Kevin-De-Bruyne,be BEL,MF,eng Manchester City,28,1991,4.3,1,0,0,4,6,1,34,6,5,0,0,0,29,2,3,40.0,Matches
141,Charles De Ketelaere\Charles-De-Ketelaere,be BEL,MFFW,be Club Brugge,18,2001,1.4,1,0,0,9,2,1,2,1,1,0,0,0,15,3,1,75.0,Matches
142,Mattia De Sciglio\Mattia-De-Sciglio,it ITA,DF,it Juventus,26,1992,2.0,0,0,0,2,2,0,3,1,2,0,0,0,20,4,2,66.7,Matches
143,Miloš Degenek\Milos-Degenek,au AUS,DF,rs Red Star,25,1994,6.0,2,0,0,4,2,0,0,13,5,0,1,0,49,7,4,63.6,Matches
144,Thomas Delaney\Thomas-Delaney,dk DEN,MF,de Dortmund,27,1991,2.7,1,0,0,4,3,0,1,3,4,0,0,0,29,2,2,50.0,Matches
145,Simon Deli\Simon-Deli,ci CIV,DF,be Club Brugge,27,1991,6.0,0,0,0,7,2,0,0,12,5,0,0,0,72,15,5,75.0,Matches
146,Moussa Dembélé\Moussa-Dembele,fr FRA,FW,fr Lyon,23,1996,6.1,1,0,0,14,5,5,1,4,5,0,0,0,24,18,33,35.3,Matches
147,Ousmane Dembélé\Ousmane-Dembele,fr FRA,FW,es Barcelona,22,1997,1.5,1,0,0,2,1,1,5,0,0,0,0,0,13,0,2,0.0,Matches
148,Merih Demiral\Merih-Demiral,tr TUR,DF,it Juventus,21,1998,1.0,0,0,0,1,3,0,0,1,4,0,0,0,13,1,1,50.0,Matches
149,Kerem Demirbay\Kerem-Demirbay,de GER,MF,de Leverkusen,26,1993,4.1,0,0,0,8,5,0,34,1,10,0,0,0,48,2,3,40.0,Matches
150,Diego Demme\Diego-Demme,de GER,MF,de RB Leipzig,27,1991,4.1,0,0,0,4,6,0,4,5,10,0,0,0,42,7,4,63.6,Matches
151,Diego Demme\Diego-Demme,de GER,MF,it Napoli,27,1991,0.9,0,0,0,1,1,0,0,3,0,0,0,0,9,0,0,,Matches
152,Jason Denayer\Jason-Denayer,be BEL,DFMF,fr Lyon,24,1995,6.0,0,0,0,2,1,0,1,3,4,0,0,0,58,5,7,41.7,Matches
153,Emmanuel Dennis\Emmanuel-Dennis,ng NGA,FWMF,be Club Brugge,21,1997,5.0,0,0,0,13,7,5,16,5,8,0,0,0,29,7,16,30.4,Matches
154,Dentinho\Dentinho,br BRA,FWMF,ua Shakhtar,30,1989,0.2,0,0,0,0,0,0,0,0,0,0,0,0,1,0,2,0.0,Matches
155,Memphis Depay\Memphis-Depay,nl NED,FWMF,fr Lyon,25,1994,4.4,0,0,0,3,10,3,34,1,1,1,0,0,23,1,6,14.3,Matches
156,Sergiño Dest\Sergino-Dest,us USA,DF,nl Ajax,18,2000,4.5,0,0,0,5,4,0,7,3,7,0,0,0,39,3,3,50.0,Matches
157,Sébastien Dewaest\Sebastien-Dewaest,be BEL,DF,be Genk,28,1991,4.0,0,0,0,1,2,0,0,3,2,0,0,0,40,9,5,64.3,Matches
158,Giovanni Di Lorenzo\Giovanni-Di-Lorenzo,it ITA,DFMF,it Napoli,25,1993,7.0,0,0,0,6,13,0,13,1,13,0,0,0,56,13,10,56.5,Matches
159,Ángel Di María\Angel-Di-Maria,ar ARG,FWMF,fr Paris S-G,31,1988,6.4,3,0,0,3,12,4,36,1,6,0,0,0,33,0,4,0.0,Matches
160,Moussa Diaby\Moussa-Diaby,fr FRA,MFFW,de Leverkusen,20,1999,2.0,0,0,0,3,4,0,15,0,0,0,0,0,16,0,0,,Matches
161,Mbaye Diagne\Mbaye-Diagne,sn SEN,FW,be Club Brugge,27,1991,0.5,0,0,0,1,1,0,0,0,0,1,0,0,1,2,3,40.0,Matches
162,Mouctar Diakhaby\Mouctar-Diakhaby,fr FRA,DF,es Valencia,22,1996,3.4,3,1,1,5,3,0,1,5,3,0,2,0,31,5,2,71.4,Matches
163,Abdou Diallo\Abdou-Diallo,fr FRA,DF,fr Paris S-G,23,1996,1.2,0,0,0,5,0,0,0,0,1,0,0,0,9,1,0,100.0,Matches
164,Rúben Dias\Ruben-Dias,pt POR,DF,pt Benfica,22,1997,6.0,1,0,0,6,7,0,2,6,7,0,1,1,56,16,10,61.5,Matches
165,Krepin Diatta\Krepin-Diatta,sn SEN,DFMF,be Club Brugge,20,1999,4.8,2,1,1,8,1,3,17,5,5,0,0,0,31,7,2,77.8,Matches
166,Brahim Díaz\Brahim-Diaz,es ESP,FW,es Real Madrid,19,1999,0.2,0,0,0,1,0,0,0,0,1,0,0,0,3,0,1,0.0,Matches
167,Eric Dier\Eric-Dier,eng ENG,DFMF,eng Tottenham,25,1994,3.5,1,0,0,4,3,0,1,4,1,0,0,0,50,5,8,38.5,Matches
168,Virgil van Dijk\Virgil-van-Dijk,nl NED,DF,eng Liverpool,28,1991,8.3,0,0,0,2,11,0,0,9,7,0,0,0,114,31,11,73.8,Matches
169,Emir Dilaver\Emir-Dilaver,at AUT,DF,hr Dinamo Zagreb,28,1991,6.0,2,0,0,4,6,0,0,12,6,0,0,0,68,10,7,58.8,Matches
170,Tiago Djaló\Tiago-Djalo,pt POR,DF,fr Lille,19,2000,3.0,1,0,0,1,4,0,1,2,5,0,0,0,24,3,3,50.0,Matches
171,Berat Djimsiti\Berat-Djimsiti,al ALB,DF,it Atalanta,26,1993,5.0,2,0,0,5,0,1,0,6,4,0,0,0,31,15,5,75.0,Matches
172,Dodô\Dodo,br BRA,DF,ua Shakhtar,20,1998,3.1,1,1,0,3,3,0,4,3,2,0,0,0,24,2,0,100.0,Matches
173,Jaume Doménech\Jaume-Domenech,es ESP,GK,es Valencia,28,1990,2.0,1,0,0,0,0,0,0,1,0,0,0,0,13,0,0,,Matches
174,Ryan Donk\Ryan-Donk,nl NED,DF,tr Galatasaray,33,1986,4.0,1,0,0,5,0,0,1,6,5,0,1,0,28,9,2,81.8,Matches
175,Gabriel Dos Santos\Gabriel-Dos-Santos,br BRA,DF,fr Lille,21,1997,6.0,2,0,0,12,3,1,0,14,9,0,0,0,54,14,7,66.7,Matches
176,Aleksandar Dragovi?\Aleksandar-Dragovic,at AUT,DF,de Leverkusen,28,1991,1.0,0,0,0,0,0,0,0,2,2,0,0,0,9,1,1,50.0,Matches
177,Julian Draxler\Julian-Draxler,de GER,FW,fr Paris S-G,25,1993,0.3,0,0,0,2,0,0,0,0,0,0,0,0,2,0,0,,Matches
178,Sebastián Driussi\Sebastian-Driussi,ar ARG,MF,ru Zenit,23,1996,4.0,0,0,0,2,6,0,19,3,10,0,0,0,50,5,4,55.6,Matches
179,Leo Dubois\Leo-Dubois,fr FRA,DF,fr Lyon,24,1994,5.9,1,0,0,8,3,0,25,6,8,0,0,0,62,8,3,72.7,Matches
180,Paulo Dybala\Paulo-Dybala,ar ARG,FWMF,it Juventus,25,1993,3.3,0,0,0,1,10,1,20,1,1,0,0,0,15,1,2,33.3,Matches
181,Artem Dzyuba\Artem-Dzyuba,ru RUS,FW,ru Zenit,30,1988,6.0,1,0,0,10,6,6,4,1,3,0,0,0,27,44,43,50.6,Matches
182,Éder\Eder,pt POR,FW,ru Loko Moscow,31,1987,3.8,0,0,0,3,11,3,2,3,4,0,0,0,19,9,28,24.3,Matches
183,Ederson\Ederson,br BRA,GK,eng Manchester City,25,1993,5.5,0,0,0,0,0,0,0,0,0,0,0,0,22,0,0,,Matches
184,Jurgen Ekkelenkamp\Jurgen-Ekkelenkamp,nl NED,MF,nl Ajax,19,2000,0.0,0,0,0,0,0,0,0,0,1,0,0,0,1,0,0,,Matches
185,Omar Elabdellaoui\Omar-Elabdellaoui,no NOR,DF,gr Olympiacos,27,1991,5.1,0,0,0,3,1,1,10,5,6,0,0,0,36,12,3,80.0,Matches
186,Elif Elmas\Elif-Elmas,mk MKD,MF,it Napoli,19,1999,1.0,0,0,0,1,0,0,0,1,0,0,0,0,15,0,1,0.0,Matches
187,Christian Eriksen\Christian-Eriksen,dk DEN,MF,eng Tottenham,27,1992,3.3,0,0,0,1,3,0,18,0,3,0,0,0,25,1,1,50.0,Matches
188,Aleksandr Erokhin\Aleksandr-Erokhin,ru RUS,MF,ru Zenit,29,1989,1.8,2,0,0,6,1,0,7,1,0,0,0,0,12,5,0,100.0,Matches
189,Sebastiano Esposito\Sebastiano-Esposito,it ITA,FWMF,it Inter,17,2002,0.6,0,0,0,0,4,0,1,0,0,1,0,0,4,0,2,0.0,Matches
190,Fabinho\Fabinho,br BRA,MF,eng Liverpool,25,1993,5.4,1,0,0,8,5,0,1,7,15,0,0,0,75,11,11,50.0,Matches
191,Malachi Fagan-Walcott\Malachi-Fagan-Walcott,eng ENG,DF,eng Tottenham,17,2002,0.0,0,0,0,0,0,0,0,0,0,0,0,0,0,0,0,,Matches
192,Radamel Falcao\Radamel-Falcao,co COL,FW,tr Galatasaray,33,1986,2.3,1,0,0,4,8,2,0,0,3,0,0,0,8,5,14,26.3,Matches
193,Patrick Farkas\Patrick-Farkas,at AUT,DF,at RB Salzburg,26,1992,0.1,0,0,0,0,0,0,3,0,0,0,0,0,2,0,0,,Matches
194,Ansu Fati\Ansu-Fati,es ESP,FW,es Barcelona,16,2002,1.0,0,0,0,0,3,0,2,1,0,0,0,0,8,0,2,0.0,Matches
195,Sofiane Feghouli\Sofiane-Feghouli,dz ALG,FW,tr Galatasaray,29,1989,3.8,0,0,0,3,5,1,11,3,1,0,0,0,25,0,8,0.0,Matches
196,Ljubomir Fejsa\Ljubomir-Fejsa,rs SRB,MF,pt Benfica,30,1988,1.7,0,0,0,3,2,0,0,4,3,0,0,0,18,0,0,,Matches
197,Felipe\Felipe,br BRA,DF,es Atlético Madrid,30,1989,7.3,1,0,0,10,7,0,0,15,9,0,0,0,57,15,8,65.2,Matches
198,João Félix\Joao-Felix,pt POR,FWMF,es Atlético Madrid,19,1999,4.4,0,0,0,2,13,2,3,1,1,1,0,0,23,5,10,33.3,Matches
199,Gedson Fernandes\Gedson-Fernandes,pt POR,MF,eng Tottenham,20,1999,0.8,0,0,0,1,3,0,3,0,0,0,0,0,6,0,0,,Matches
200,Gedson Fernandes\Gedson-Fernandes,pt POR,MFFW,pt Benfica,20,1999,1.5,1,0,0,4,2,2,5,1,3,0,0,0,15,0,1,0.0,Matches
201,Fernandinho\Fernandinho,br BRA,DF,eng Manchester City,34,1985,5.6,3,0,0,13,2,0,0,11,8,0,1,0,44,9,9,50.0,Matches
202,Roberto Firmino\Roberto-Firmino,br BRA,FWMF,eng Liverpool,27,1991,7.0,0,0,0,4,2,3,2,3,10,0,0,0,48,6,17,26.1,Matches
203,Junior Firpo\Junior-Firpo,es ESP,DF,es Barcelona,22,1996,3.0,1,0,0,5,4,0,1,4,3,0,0,0,23,4,2,66.7,Matches
204,Alessandro Florenzi\Alessandro-Florenzi,it ITA,DF,es Valencia,28,1991,0.1,0,0,0,0,0,0,0,1,0,0,0,0,1,0,0,,Matches
205,Phil Foden\Phil-Foden,eng ENG,MF,eng Manchester City,19,2000,2.1,2,1,1,3,2,0,3,1,6,0,0,0,16,1,2,33.3,Matches
206,José Fonte\Jose-Fonte,pt POR,DF,fr Lille,35,1983,4.0,1,0,0,3,1,0,0,3,2,0,0,0,37,9,2,81.8,Matches
207,Emil Forsberg\Emil-Forsberg,se SWE,MFFW,de RB Leipzig,27,1991,5.3,0,0,0,4,5,1,14,0,5,0,0,0,34,1,8,11.1,Matches
208,Juan Foyth\Juan-Foyth,ar ARG,DF,eng Tottenham,21,1998,2.2,0,0,0,2,2,0,3,2,3,0,0,0,14,3,0,100.0,Matches
209,Remo Freuler\Remo-Freuler,ch SUI,MF,it Atalanta,27,1992,6.4,2,0,0,13,6,0,0,5,9,0,0,0,59,4,4,50.0,Matches
210,Michal Frydrych\Michal-Frydrych,cz CZE,DF,cz Slavia Prague,29,1990,1.9,0,0,0,2,0,0,0,5,1,0,0,0,19,10,4,71.4,Matches
211,Gabriel\Gabriel,br BRA,MF,pt Benfica,25,1993,4.9,2,0,0,12,4,0,4,17,10,0,0,0,61,10,7,58.8,Matches
212,Gianluca Gaetano\Gianluca-Gaetano,it ITA,MF,it Napoli,19,2000,0.2,0,0,0,1,0,0,0,0,0,0,0,0,0,0,0,,Matches
213,Roberto Gagliardini\Roberto-Gagliardini,it ITA,MF,it Inter,25,1994,2.4,0,0,0,4,2,0,0,2,6,0,0,0,17,3,1,75.0,Matches
214,Kévin Gameiro\Kevin-Gameiro,fr FRA,FW,es Valencia,32,1987,3.5,0,0,0,4,2,2,5,0,0,0,0,0,16,5,7,41.7,Matches
215,Idrissa Gana Gueye\Idrissa-Gana-Gueye,sn SEN,MF,fr Paris S-G,29,1989,5.5,1,0,0,14,9,0,2,10,8,0,0,0,46,1,1,50.0,Matches
216,Ezequiel Garay\Ezequiel-Garay,ar ARG,DF,es Valencia,32,1986,4.0,3,0,0,2,3,0,1,4,4,0,0,0,21,7,8,46.7,Matches
217,Eric García\Eric-Garcia,es ESP,DF,eng Manchester City,18,2001,1.0,0,0,0,0,0,0,0,0,1,0,0,0,9,3,1,75.0,Matches
218,Mateo García\Mateo-Garcia,ar ARG,FWMF,rs Red Star,22,1996,5.4,0,0,0,3,6,0,1,8,16,0,0,0,36,1,7,12.5,Matches
219,Mario Gavranovi?\Mario-Gavranovic,ch SUI,FW,hr Dinamo Zagreb,29,1989,0.9,0,0,0,2,1,1,0,0,0,1,0,0,4,2,2,50.0,Matches
220,Paulo Gazzaniga\Paulo-Gazzaniga,ar ARG,GK,eng Tottenham,27,1992,4.0,0,0,0,0,1,0,0,0,0,0,0,0,21,0,0,,Matches
221,Olivier Giroud\Olivier-Giroud,fr FRA,FW,eng Chelsea,32,1986,0.9,1,0,0,2,1,0,0,0,0,0,0,0,2,3,4,42.9,Matches
222,Marko Gjira\Marko-Gjira,hr CRO,MFDF,hr Dinamo Zagreb,20,1999,0.7,0,0,0,1,2,0,0,1,0,0,0,0,6,1,1,50.0,Matches
223,Serge Gnabry\Serge-Gnabry,de GER,FWMF,de Bayern Munich,24,1995,5.2,1,0,0,7,8,1,18,4,14,0,0,0,41,1,4,20.0,Matches
224,Marko Gobelji?\Marko-Gobeljic,rs SRB,DF,rs Red Star,26,1992,5.5,0,0,0,6,3,2,11,7,9,0,0,0,46,6,3,66.7,Matches
225,Diego Godín\Diego-Godin,uy URU,DF,it Inter,33,1986,5.0,2,0,0,5,4,0,0,14,7,0,0,0,49,12,1,92.3,Matches
226,Amer Gojak\Amer-Gojak,ba BIH,MF,hr Dinamo Zagreb,22,1997,1.9,0,0,0,3,0,0,0,0,8,0,0,0,19,1,2,33.3,Matches
227,Pierluigi Gollini\Pierluigi-Gollini,it ITA,GK,it Atalanta,24,1995,7.0,0,0,0,0,0,0,0,0,0,0,0,0,32,0,0,,Matches
228,Joe Gomez\Joe-Gomez,eng ENG,DF,eng Liverpool,22,1997,5.7,2,0,0,15,9,0,7,15,9,0,0,0,84,25,14,64.1,Matches
229,Maxi Gómez\Maxi-Gomez,uy URU,FW,es Valencia,22,1996,4.7,1,0,0,9,11,4,1,2,0,0,0,0,15,14,21,40.0,Matches
230,Papu Gómez\Papu-Gomez,ar ARG,FWMF,it Atalanta,31,1988,7.2,0,0,0,2,13,3,37,6,5,0,0,0,50,0,6,0.0,Matches
231,Leon Goretzka\Leon-Goretzka,de GER,MF,de Bayern Munich,24,1995,2.0,0,0,0,4,0,1,1,7,2,0,0,0,17,5,4,55.6,Matches
232,Robin Gosens\Robin-Gosens,de GER,DF,it Atalanta,25,1994,6.4,1,0,0,5,11,0,17,10,13,0,0,0,62,20,7,74.1,Matches
233,Mario Götze\Mario-Gotze,de GER,FW,de Dortmund,27,1992,0.8,0,0,0,2,0,1,0,0,2,0,0,0,6,0,3,0.0,Matches
234,Amine Gouiri\Amine-Gouiri,fr FRA,FW,fr Lyon,19,2000,0.1,0,0,0,1,0,0,0,0,0,0,0,0,0,0,0,,Matches
235,Antoine Griezmann\Antoine-Griezmann,fr FRA,FW,es Barcelona,28,1991,5.8,2,0,0,8,3,1,7,5,5,0,0,0,22,1,7,12.5,Matches
236,Álex Grimaldo\Alex-Grimaldo,es ESP,DF,pt Benfica,23,1995,6.0,0,0,0,2,6,0,40,8,5,0,0,0,47,4,4,50.0,Matches
237,Gonçalo Guedes\Goncalo-Guedes,pt POR,FWMF,es Valencia,22,1996,2.2,0,0,0,1,12,0,4,0,2,1,0,0,12,0,3,0.0,Matches
238,Raphaël Guerreiro\Raphael-Guerreiro,pt POR,DF,de Dortmund,25,1993,6.1,1,0,0,6,1,0,8,9,2,0,0,0,50,5,7,41.7,Matches
239,Guilherme\Guilherme,br BRA,MF,gr Olympiacos,28,1991,5.0,2,0,0,6,10,1,1,3,5,0,1,0,41,4,5,44.4,Matches
240,Bruno Guimarães\Bruno-Guimaraes,br BRA,MF,fr Lyon,21,1997,1.0,0,0,0,0,1,0,0,4,3,0,0,0,15,1,0,100.0,Matches
241,Péter Gulácsi\Peter-Gulacsi,hu HUN,GK,de RB Leipzig,29,1990,7.7,0,0,0,0,0,0,0,0,0,0,0,0,43,0,0,,Matches
242,?lkay Gündo?an\Ilkay-Gundogan,de GER,MF,eng Manchester City,28,1990,7.0,0,0,0,5,6,1,11,10,7,0,0,0,74,5,1,83.3,Matches
243,Ianis Hagi\Ianis-Hagi,ro ROU,MF,be Genk,20,1998,1.6,0,0,0,1,3,0,25,1,2,0,0,0,11,1,2,33.3,Matches
244,Amadou Haidara\Amadou-Haidara,ml MLI,MFFW,de RB Leipzig,21,1998,2.9,2,0,0,6,1,0,0,6,10,0,0,0,40,4,4,50.0,Matches
245,Izet Hajrovi?\Izet-Hajrovic,ba BIH,MF,hr Dinamo Zagreb,27,1991,0.1,0,0,0,1,0,0,1,0,0,0,0,0,2,0,1,0.0,Matches
246,Achraf Hakimi\Achraf-Hakimi,ma MAR,DFFW,de Dortmund,20,1998,7.9,0,0,0,9,15,1,26,8,10,0,0,0,65,4,4,50.0,Matches
247,Marcel Halstenberg\Marcel-Halstenberg,de GER,DF,de RB Leipzig,27,1991,4.4,0,0,0,8,4,0,13,6,3,0,0,0,40,7,4,63.6,Matches
248,Samir Handanovi?\Samir-Handanovic,si SVN,GK,it Inter,35,1984,6.0,0,0,0,0,1,0,0,0,0,0,0,0,21,0,0,,Matches
249,Taylor Harwood-Bellis\Taylor-Harwood-Bellis,eng ENG,DF,eng Manchester City,17,2002,0.1,0,0,0,0,0,0,0,0,0,0,0,0,1,1,0,100.0,Matches
250,Hans Hateboer\Hans-Hateboer,nl NED,DF,it Atalanta,25,1994,5.6,2,0,0,4,3,1,12,4,5,0,0,0,37,9,9,50.0,Matches
251,Kai Havertz\Kai-Havertz,de GER,MFFW,de Leverkusen,20,1999,4.8,0,0,0,2,6,1,6,1,2,0,0,0,32,6,14,30.0,Matches
252,Eden Hazard\Eden-Hazard,be BEL,FW,es Real Madrid,28,1991,4.1,1,0,0,2,14,1,2,0,3,0,0,0,19,1,3,25.0,Matches
253,Thorgan Hazard\Thorgan-Hazard,be BEL,FW,de Dortmund,26,1993,5.3,2,0,0,10,5,1,20,1,10,0,0,0,38,3,5,37.5,Matches
254,Hwang Hee-chan\Hwang-Hee-chan,kr KOR,FW,at RB Salzburg,23,1996,6.0,0,0,0,11,6,4,4,1,2,2,0,0,50,2,13,13.3,Matches
255,Jordan Henderson\Jordan-Henderson,eng ENG,MF,eng Liverpool,29,1990,5.7,0,0,0,6,3,0,14,8,5,0,0,0,75,4,6,40.0,Matches
256,Mario Hermoso\Mario-Hermoso,es ESP,DF,es Atlético Madrid,24,1995,3.9,1,0,0,6,4,0,1,9,1,0,0,0,32,6,2,75.0,Matches
257,Lucas Hernández\Lucas-Hernandez,fr FRA,DF,de Bayern Munich,23,1996,1.6,0,0,0,0,0,0,6,2,2,0,0,0,23,1,1,50.0,Matches
258,Ander Herrera\Ander-Herrera,es ESP,MFFW,fr Paris S-G,29,1989,1.1,1,0,0,2,3,0,0,3,2,0,0,0,7,0,0,,Matches
259,Héctor Herrera\Hector-Herrera,mx MEX,MF,es Atlético Madrid,29,1990,2.3,1,0,0,4,3,1,5,2,3,0,0,0,32,3,3,50.0,Matches
260,Son Heung-min\Son-Heung-min,kr KOR,FW,eng Tottenham,27,1992,4.1,0,0,0,4,4,3,7,1,1,0,0,0,21,1,3,25.0,Matches
261,Bryan Heynen\Bryan-Heynen,be BEL,MF,be Genk,22,1997,2.9,0,0,0,1,2,0,4,5,7,0,0,0,22,6,4,60.0,Matches
262,Gonzalo Higuaín\Gonzalo-Higuain,ar ARG,FW,it Juventus,31,1987,4.7,0,0,0,1,2,1,4,0,1,0,0,0,18,1,4,20.0,Matches
263,David Hovorka\David-Hovorka,cz CZE,DF,cz Slavia Prague,25,1993,3.0,2,0,0,2,1,0,1,5,3,0,0,0,39,7,2,77.8,Matches
264,Benedikt Höwedes\Benedikt-Howedes,de GER,DF,ru Loko Moscow,31,1988,6.0,1,0,0,2,2,0,0,14,6,0,0,1,29,4,3,57.1,Matches
265,Lukáš Hrádecký\Lukas-Hradecky,fi FIN,GK,de Leverkusen,29,1989,6.0,0,0,0,0,0,0,0,1,0,0,0,0,19,0,0,,Matches
266,Patrik Hrošovský\Patrik-Hrosovsky,sk SVK,MF,be Genk,27,1992,4.6,0,0,0,1,3,0,12,4,5,0,0,0,51,2,3,40.0,Matches
267,Callum Hudson-Odoi\Callum-Hudson-Odoi,eng ENG,FW,eng Chelsea,18,2000,1.9,0,0,0,5,4,1,10,1,1,0,0,0,11,1,0,100.0,Matches
268,Mats Hummels\Mats-Hummels,de GER,DF,de Dortmund,30,1988,8.0,2,0,0,5,1,2,0,30,13,0,1,0,87,12,5,70.6,Matches
269,Klaas-Jan Huntelaar\Klaas-Jan-Huntelaar,nl NED,FW,nl Ajax,35,1983,0.4,0,0,0,3,0,0,0,0,0,0,0,0,2,3,2,60.0,Matches
270,Josef Hušbauer\Josef-Husbauer,cz CZE,MF,cz Slavia Prague,29,1990,2.3,1,0,0,5,3,0,8,3,4,0,0,0,19,1,3,25.0,Matches
271,Roger Ibanez\Roger-Ibanez,br BRA,DF,it Atalanta,20,1998,0.2,0,0,0,0,0,0,0,0,0,0,0,0,1,0,0,,Matches
272,Mauro Icardi\Mauro-Icardi,ar ARG,FW,fr Paris S-G,26,1993,4.4,1,0,0,3,7,3,1,0,1,0,0,0,14,4,10,28.6,Matches
273,Brian Idowu\Brian-Idowu,ng NGA,DF,ru Loko Moscow,27,1992,2.7,0,0,0,3,1,0,1,4,6,0,0,0,31,5,7,41.7,Matches
274,Vladislav Ignatyev\Vladislav-Ignatyev,ru RUS,DFMF,ru Loko Moscow,32,1987,4.9,2,0,0,6,3,0,4,5,11,0,0,0,43,5,11,31.3,Matches
275,Jonathan Ikone\Jonathan-Ikone,fr FRA,MFFW,fr Lille,21,1998,2.7,1,0,0,2,1,0,2,0,0,0,0,0,13,0,4,0.0,Matches
276,Josip Ili?i?\Josip-Ilicic,si SVN,FW,it Atalanta,31,1988,5.7,2,0,0,6,17,1,18,3,0,3,0,0,41,3,7,30.0,Matches
277,Selçuk ?nan\Selcuk-Inan,tr TUR,MFFW,tr Galatasaray,34,1985,0.7,1,0,0,2,1,0,1,2,0,0,0,0,2,0,2,0.0,Matches
278,Lorenzo Insigne\Lorenzo-Insigne,it ITA,MF,it Napoli,28,1991,3.0,1,0,0,0,4,3,9,6,0,0,0,0,15,0,3,0.0,Matches
279,Isco\Isco,es ESP,MFFW,es Real Madrid,27,1992,3.0,0,0,0,0,5,0,3,3,3,0,0,0,19,0,3,0.0,Matches
280,Ismaily\Ismaily,br BRA,DF,ua Shakhtar,29,1990,6.0,0,0,0,3,6,0,6,14,20,0,0,0,68,9,9,50.0,Matches
281,Junya Ito\Junya-Ito,jp JPN,MFFW,be Genk,26,1993,4.9,1,0,0,3,9,6,18,4,6,0,0,0,36,4,5,44.4,Matches
282,Mirko Ivani?\Mirko-Ivanic,me MNE,MF,rs Red Star,25,1993,1.2,0,0,0,0,1,0,0,2,1,0,0,0,10,1,1,50.0,Matches
283,Branislav Ivanovi?\Branislav-Ivanovic,rs SRB,DF,ru Zenit,35,1984,5.8,0,0,0,1,3,0,0,6,3,0,0,0,35,10,6,62.5,Matches
284,Luka Ivanušec\Luka-Ivanusec,hr CRO,MFDF,hr Dinamo Zagreb,20,1998,1.1,0,0,0,0,0,0,0,2,2,0,0,0,9,0,0,,Matches
285,Reece James\Reece-James,eng ENG,DF,eng Chelsea,19,1999,3.2,1,0,0,1,5,0,27,4,4,0,0,0,30,5,6,45.5,Matches
286,Jardel\Jardel,br BRA,DF,pt Benfica,33,1986,1.8,0,0,0,1,1,0,0,3,1,0,0,0,21,9,7,56.3,Matches
287,Gabriel Jesus\Gabriel-Jesus,br BRA,FWMF,eng Manchester City,22,1997,4.5,0,0,0,4,3,3,0,4,3,0,0,0,23,8,6,57.1,Matches
288,Frenkie de Jong\Frenkie-de-Jong,nl NED,MF,es Barcelona,22,1997,6.3,0,0,0,2,5,0,0,11,12,0,0,0,74,2,1,66.7,Matches
289,Siem de Jong\Siem-de-Jong,nl NED,MF,nl Ajax,30,1989,0.1,0,0,0,1,0,0,0,0,1,0,0,0,2,1,1,50.0,Matches
290,Jorginho\Jorginho,it ITA,MF,eng Chelsea,27,1991,6.8,3,0,0,11,5,0,1,12,8,0,1,0,91,5,6,45.5,Matches
291,Jota\Jota,pt POR,FW,pt Benfica,20,1999,0.7,1,0,0,2,1,0,2,0,0,,,0,,,,,Matches
292,Dušan Jovan?i?\Dusan-Jovancic,rs SRB,MF,rs Red Star,28,1990,2.0,0,0,0,4,4,0,1,4,6,0,0,0,27,4,2,66.7,Matches
293,Luka Jovi?\Luka-Jovic,rs SRB,FW,es Real Madrid,21,1997,1.3,0,0,0,2,1,0,0,0,2,0,0,0,2,5,8,38.5,Matches
294,Vinicius Júnior\Vinicius-Junior,br BRA,FW,es Real Madrid,19,2000,2.2,1,0,0,4,5,1,6,1,6,0,0,0,15,0,0,,Matches
295,Zlatko Junuzovi?\Zlatko-Junuzovic,at AUT,MF,at RB Salzburg,31,1987,5.6,1,0,0,10,7,0,21,11,6,0,0,0,69,6,2,75.0,Matches
296,Damian K?dzior\Damian-Kadzior,pl POL,MF,hr Dinamo Zagreb,27,1992,0.7,0,0,0,1,0,0,4,2,0,0,0,0,3,0,2,0.0,Matches
297,Kevin Kampl\Kevin-Kampl,si SVN,MF,de RB Leipzig,28,1990,1.5,0,0,0,2,3,0,1,4,1,0,0,0,18,1,2,33.3,Matches
298,Harry Kane\Harry-Kane,eng ENG,FW,eng Tottenham,26,1993,5.0,1,0,0,4,7,3,5,0,1,1,0,0,16,8,5,61.5,Matches
299,Lee Kangin\Lee-Kangin,kr KOR,MFFW,es Valencia,18,2001,1.4,1,0,0,6,5,0,1,0,2,0,0,0,8,0,1,0.0,Matches
300,N'Golo Kanté\NGolo-Kante,fr FRA,MF,eng Chelsea,28,1991,3.0,1,0,0,4,1,0,5,5,7,0,0,0,39,2,4,33.3,Matches
301,Vyacheslav Karavayev\Vyacheslav-Karavayev,ru RUS,DF,ru Zenit,24,1995,4.6,0,0,0,2,0,1,22,4,3,0,0,0,22,2,2,50.0,Matches
302,Thilo Kehrer\Thilo-Kehrer,de GER,DF,fr Paris S-G,22,1996,1.2,0,0,0,1,1,0,0,2,1,0,0,0,9,0,1,0.0,Matches
303,Naby Keïta\Naby-Keita,gn GUI,MFFW,eng Liverpool,24,1995,2.8,0,0,0,4,3,0,0,1,10,0,0,0,31,0,2,0.0,Matches
304,Mikhail Kerzhakov\Mikhail-Kerzhakov,ru RUS,GK,ru Zenit,32,1987,4.0,0,0,0,0,3,0,0,0,0,0,0,0,22,0,0,,Matches
305,Sami Khedira\Sami-Khedira,de GER,MF,it Juventus,32,1987,2.9,0,0,0,4,3,1,5,3,5,0,0,0,17,3,1,75.0,Matches
306,Joshua Kimmich\Joshua-Kimmich,de GER,MFDF,de Bayern Munich,24,1995,6.3,2,0,0,10,1,2,49,9,6,0,0,0,62,3,4,42.9,Matches
307,Presnel Kimpembe\Presnel-Kimpembe,fr FRA,DF,fr Paris S-G,23,1995,7.0,0,0,0,7,12,0,0,10,5,0,0,0,63,14,7,66.7,Matches
308,Simon Kjær\Simon-Kjaer,dk DEN,DF,it Atalanta,30,1989,1.0,0,0,0,2,1,0,0,1,2,0,0,0,15,8,3,72.7,Matches
309,Lukas Klostermann\Lukas-Klostermann,de GER,DF,de RB Leipzig,23,1996,7.1,0,0,0,3,0,1,9,11,3,0,0,0,97,13,7,65.0,Matches
310,Anton Kochenkov\Anton-Kochenkov,ru RUS,GK,ru Loko Moscow,32,1987,1.0,0,0,0,1,0,0,0,0,0,0,1,0,2,0,0,,Matches
311,Sekou Koita\Sekou-Koita,ml MLI,MF,at RB Salzburg,19,1999,0.0,0,0,0,0,0,0,0,1,0,0,0,0,0,0,0,,Matches
312,Koke\Koke,es ESP,MF,es Atlético Madrid,27,1992,7.9,1,0,0,6,10,0,17,7,11,0,0,0,83,6,7,46.2,Matches
313,Ond?ej Kolá?\Ondrej-Kolar,cz CZE,GK,cz Slavia Prague,24,1994,6.0,1,0,0,0,0,0,0,0,0,0,0,0,34,0,0,,Matches
314,Aleksandr Kolomeytsev\Aleksandr-Kolomeytsev,ru RUS,MFFW,ru Loko Moscow,30,1989,0.2,0,0,0,0,0,0,0,0,0,0,0,0,1,0,2,0.0,Matches
315,Ibrahima Konaté\Ibrahima-Konate,fr FRA,DF,de RB Leipzig,20,1999,1.2,0,0,0,3,4,0,0,2,2,0,0,0,16,2,0,100.0,Matches
316,Geoffrey Kondogbia\Geoffrey-Kondogbia,cf CTA,MFDF,es Valencia,26,1993,4.5,1,0,0,3,6,2,0,13,15,0,0,0,45,7,9,43.8,Matches
317,Youssouf Koné\Youssouf-Kone,ml MLI,DF,fr Lyon,24,1995,4.4,2,0,0,2,4,2,18,11,3,0,0,0,43,3,4,42.9,Matches
318,Yevhen Konoplyanka\Yevhen-Konoplyanka,ua UKR,FWMF,ua Shakhtar,29,1989,2.0,0,0,0,0,8,0,4,0,2,0,0,0,3,1,0,100.0,Matches
319,Odilon Kossonou\Odilon-Kossonou,ci CIV,DF,be Club Brugge,18,2001,2.0,1,0,0,2,1,0,1,1,1,0,0,0,26,1,1,50.0,Matches
320,Nianzou Kouassi\Nianzou-Kouassi,fr FRA,MF,fr Paris S-G,17,2002,0.8,0,0,0,1,1,0,0,2,2,0,0,0,9,2,1,66.7,Matches
321,Kalidou Koulibaly\Kalidou-Koulibaly,sn SEN,DF,it Napoli,28,1991,6.0,2,0,0,4,5,0,0,9,8,0,1,0,55,16,6,72.7,Matches
322,Mateo Kova?i?\Mateo-Kovacic,hr CRO,MF,eng Chelsea,25,1994,5.8,0,0,0,6,7,0,3,5,7,0,0,0,52,3,4,42.9,Matches
323,Viktor Kovalenko\Viktor-Kovalenko,ua UKR,MF,ua Shakhtar,23,1996,3.7,0,0,0,1,9,0,4,2,3,0,0,0,23,1,2,33.3,Matches
324,Toni Kroos\Toni-Kroos,de GER,MF,es Real Madrid,29,1990,5.0,1,0,0,4,9,1,26,7,12,1,0,0,42,2,2,50.0,Matches
325,Grzegorz Krychowiak\Grzegorz-Krychowiak,pl POL,MF,ru Loko Moscow,29,1990,5.9,2,0,0,7,16,1,1,10,6,0,0,0,38,11,8,57.9,Matches
326,Serhiy Kryvtsov\Serhiy-Kryvtsov,ua UKR,DF,ua Shakhtar,28,1991,6.0,1,0,0,2,6,0,2,4,3,0,1,0,34,6,6,50.0,Matches
327,Ond?ej Kúdela\Ondrej-Kudela,cz CZE,DF,cz Slavia Prague,32,1987,6.0,2,0,0,5,2,1,1,7,1,0,0,0,63,11,6,64.7,Matches
328,Daniil Kulikov\Daniil-Kulikov,ru RUS,MF,ru Loko Moscow,21,1998,0.3,0,0,0,1,1,0,0,1,0,0,0,0,4,2,0,100.0,Matches
329,Layvin Kurzawa\Layvin-Kurzawa,fr FRA,DF,fr Paris S-G,26,1992,2.1,1,0,0,3,0,1,2,4,3,0,0,0,22,4,0,100.0,Matches
330,Daler Kuzyaev\Daler-Kuzyaev,ru RUS,MF,ru Zenit,26,1993,1.5,3,0,0,4,1,0,1,5,1,0,0,0,9,4,4,50.0,Matches
331,Solomon Kvirkvelia\Solomon-Kvirkvelia,ge GEO,DF,ru Loko Moscow,27,1992,1.0,0,0,0,1,0,0,0,2,0,0,0,0,5,2,3,40.0,Matches
332,Rajiv van La Parra\Rajiv-van-La-Parra,nl NED,FW,rs Red Star,28,1991,3.9,1,0,0,7,6,1,1,1,1,0,0,0,28,2,5,28.6,Matches
333,Zakaria Labyad\Zakaria-Labyad,ma MAR,FW,nl Ajax,26,1993,0.5,0,0,0,1,0,0,1,0,1,0,0,0,1,1,1,50.0,Matches
334,Konrad Laimer\Konrad-Laimer,at AUT,MFDF,de RB Leipzig,22,1997,6.5,1,0,0,14,8,0,3,4,22,1,0,0,89,5,11,31.3,Matches
335,Érik Lamela\Erik-Lamela,ar ARG,MFFW,eng Tottenham,27,1992,2.6,1,0,0,4,3,1,7,1,5,0,0,0,20,0,4,0.0,Matches
336,Noa Lang\Noa-Lang,nl NED,FW,nl Ajax,20,1999,1.4,0,0,0,0,2,1,3,3,4,0,0,0,5,0,3,0.0,Matches
337,Aymeric Laporte\Aymeric-Laporte,fr FRA,DF,eng Manchester City,25,1994,0.4,0,0,0,0,0,0,0,0,0,0,0,0,3,0,1,0.0,Matches
338,Valentino Lazaro\Valentino-Lazaro,at AUT,DF,it Inter,23,1996,1.2,0,0,0,0,1,1,6,1,1,0,0,0,9,1,1,50.0,Matches
339,Thomas Lemar\Thomas-Lemar,fr FRA,MF,es Atlético Madrid,23,1995,2.6,0,0,0,2,2,1,10,2,2,0,0,0,14,2,2,50.0,Matches
340,Mario Lemina\Mario-Lemina,ga GAB,MF,tr Galatasaray,25,1993,3.7,3,0,0,12,5,1,1,4,9,0,0,0,28,4,5,44.4,Matches
341,Clément Lenglet\Clement-Lenglet,fr FRA,DF,es Barcelona,24,1995,6.0,1,0,0,11,5,0,1,8,2,0,0,0,55,7,9,43.8,Matches
342,Marin Leovac\Marin-Leovac,hr CRO,DF,hr Dinamo Zagreb,30,1988,5.0,0,0,0,7,1,0,15,7,7,0,0,0,36,3,4,42.9,Matches
343,Robert Lewandowski\Robert-Lewandowski,pl POL,FW,de Bayern Munich,30,1988,5.8,0,0,0,5,8,3,2,1,4,0,0,0,37,13,17,43.3,Matches
344,Matthijs de Ligt\Matthijs-de-Ligt,nl NED,DF,it Juventus,19,1999,5.0,0,0,0,4,2,0,0,2,2,0,0,0,42,20,12,62.5,Matches
345,Dominik Livakovi?\Dominik-Livakovic,hr CRO,GK,hr Dinamo Zagreb,24,1995,6.0,0,0,0,0,1,0,0,0,0,0,0,0,27,0,0,,Matches
346,Fernando Llorente\Fernando-Llorente,es ESP,FW,it Napoli,34,1985,1.0,2,0,0,5,1,1,0,1,1,0,0,0,9,13,6,68.4,Matches
347,Marcos Llorente\Marcos-Llorente,es ESP,MF,es Atlético Madrid,24,1995,1.3,0,0,0,0,0,1,0,0,0,0,0,0,5,0,1,0.0,Matches
348,Hugo Lloris\Hugo-Lloris,fr FRA,GK,eng Tottenham,32,1986,4.0,0,0,0,0,0,0,0,0,0,0,0,0,11,0,0,,Matches
349,Giovani Lo Celso\Giovani-Lo-Celso,ar ARG,MFFW,eng Tottenham,23,1996,3.7,2,0,0,3,8,0,18,5,4,0,0,0,37,4,5,44.4,Matches
350,Renan Lodi\Renan-Lodi,br BRA,DF,es Atlético Madrid,21,1998,7.4,1,0,0,15,11,2,35,16,21,0,0,0,62,4,8,33.3,Matches
351,Ademola Lookman\Ademola-Lookman,eng ENG,FW,de RB Leipzig,21,1997,0.8,0,0,0,2,0,0,0,0,0,0,0,0,3,0,2,0.0,Matches
352,Anthony Lopes\Anthony-Lopes,pt POR,GK,fr Lyon,28,1990,7.0,0,0,0,1,1,0,0,0,0,0,1,0,31,0,0,,Matches
353,Maximiliano Lovera\Maximiliano-Lovera,ar ARG,FWMF,gr Olympiacos,20,1999,1.1,0,0,0,2,0,0,4,0,0,0,0,0,4,0,2,0.0,Matches
354,Dejan Lovren\Dejan-Lovren,hr CRO,DF,eng Liverpool,30,1989,2.6,0,0,0,1,1,0,0,1,3,0,0,0,22,10,3,76.9,Matches
355,Hirving Lozano\Hirving-Lozano,mx MEX,FWMF,it Napoli,24,1995,4.3,1,0,0,5,6,7,7,4,3,0,0,0,17,1,10,9.1,Matches
356,Caio Lucas Fernandes\Caio-Lucas-Fernandes,br BRA,MF,pt Benfica,25,1994,0.4,0,0,0,2,0,0,0,0,1,0,0,0,4,0,1,0.0,Matches
357,Jean Lucas\Jean-Lucas,br BRA,MF,fr Lyon,21,1998,0.0,0,0,0,0,0,0,0,0,1,0,0,0,0,0,0,,Matches
358,Jhon Lucumí\Jhon-Lucumi,co COL,DF,be Genk,21,1998,6.0,1,0,0,1,4,0,1,16,7,0,0,0,54,6,3,66.7,Matches
359,José Luis Gayà\Jose-Luis-Gaya,es ESP,DF,es Valencia,24,1995,6.0,0,0,0,5,12,2,19,4,8,1,0,0,48,7,6,53.8,Matches
360,José Luis Palomino\Jose-Luis-Palomino,ar ARG,DF,it Atalanta,29,1990,6.0,0,0,0,10,7,0,2,17,17,0,0,0,58,15,8,65.2,Matches
361,Florentino Luís\Florentino-Luis,pt POR,MF,pt Benfica,19,1999,2.0,1,0,0,3,0,0,0,2,10,0,0,0,30,1,0,100.0,Matches
362,Romelu Lukaku\Romelu-Lukaku,be BEL,FW,it Inter,26,1993,4.5,0,0,0,2,3,11,6,1,2,0,0,0,10,10,17,37.0,Matches
363,Andrey Lunyov\Andrey-Lunyov,ru RUS,GK,ru Zenit,27,1991,2.0,0,0,0,0,0,0,0,0,0,0,0,0,8,0,0,,Matches
364,Sebastiano Luperto\Sebastiano-Luperto,it ITA,DF,it Napoli,22,1996,1.5,0,0,0,1,2,0,3,4,0,0,0,0,13,1,2,33.3,Matches
365,Christian Luyindama\Christian-Luyindama,cd COD,DF,tr Galatasaray,25,1994,4.0,0,0,0,8,2,0,1,6,13,0,0,0,46,7,7,50.0,Matches
366,Stanislav Magkeev\Stanislav-Magkeev,ru RUS,DF,ru Loko Moscow,20,1999,0.2,0,0,0,0,0,0,0,0,0,0,0,0,2,1,0,100.0,Matches
367,Riyad Mahrez\Riyad-Mahrez,dz ALG,FWMF,eng Manchester City,28,1991,6.0,0,0,0,7,18,1,15,5,6,0,0,0,39,2,6,25.0,Matches
368,Thiago Maia\Thiago-Maia,br BRA,FW,fr Lille,22,1997,0.7,0,0,0,0,0,0,0,1,2,0,0,0,7,1,1,50.0,Matches
369,Mike Maignan\Mike-Maignan,fr FRA,GK,fr Lille,23,1995,5.8,0,0,0,0,1,0,0,0,0,0,0,0,22,0,0,,Matches
370,Lovro Majer\Lovro-Majer,hr CRO,MF,hr Dinamo Zagreb,21,1998,0.1,0,0,0,1,0,0,0,0,0,0,0,0,2,0,0,,Matches
371,Róbert Mak\Robert-Mak,sk SVK,MF,ru Zenit,28,1991,0.1,0,0,0,0,0,0,0,0,0,0,0,0,1,0,0,,Matches
372,Nikola Maksimovi?\Nikola-Maksimovic,rs SRB,DF,it Napoli,27,1991,3.0,0,0,0,1,4,0,0,6,4,0,0,0,31,14,3,82.4,Matches
373,Kévin Malcuit\Kevin-Malcuit,ma MAR,DF,it Napoli,28,1991,1.6,1,0,0,4,2,0,9,3,2,0,1,0,14,1,4,20.0,Matches
374,Ruslan Malinovskyi\Ruslan-Malinovskyi,ua UKR,MFFW,it Atalanta,26,1993,2.6,1,0,0,8,8,0,11,2,3,0,0,0,22,2,1,66.7,Matches
375,Reinildo Mandava\Reinildo-Mandava,mz MOZ,DF,fr Lille,25,1994,2.0,1,0,0,4,2,0,8,3,8,0,0,0,16,3,1,75.0,Matches
376,Sadio Mané\Sadio-Mane,sn SEN,FW,eng Liverpool,27,1992,7.0,2,0,0,14,15,2,11,4,10,0,0,0,40,9,20,31.0,Matches
377,Eliaquim Mangala\Eliaquim-Mangala,fr FRA,DF,es Valencia,28,1991,1.0,0,0,0,1,0,0,0,2,1,0,0,0,9,2,1,66.7,Matches
378,Kostas Manolas\Kostas-Manolas,gr GRE,DF,it Napoli,28,1991,5.0,0,0,0,3,1,0,0,5,0,0,0,0,41,20,5,80.0,Matches
379,Fernando Marçal\Fernando-Marcal,br BRA,DF,fr Lyon,30,1989,2.8,1,0,0,3,3,0,11,6,1,0,0,0,35,8,6,57.1,Matches
380,Marcão\Marcao,br BRA,DF,tr Galatasaray,23,1996,6.0,2,0,0,9,8,0,1,10,8,0,0,0,63,18,7,72.0,Matches
381,Marcelo\Marcelo,br BRA,DF,fr Lyon,32,1987,5.1,2,0,0,4,2,0,0,3,1,0,0,0,62,23,12,65.7,Matches
382,Marcelo\Marcelo,br BRA,DF,es Real Madrid,31,1988,3.0,1,0,0,5,3,0,24,4,1,0,0,0,24,1,3,25.0,Matches
383,José María Giménez\Jose-Maria-Gimenez,uy URU,DF,es Atlético Madrid,24,1995,2.3,0,0,0,2,0,0,0,0,1,0,0,0,17,12,4,75.0,Matches
384,Mariano\Mariano,br BRA,DF,tr Galatasaray,33,1986,6.0,2,0,0,5,5,0,17,11,7,0,0,0,79,3,7,30.0,Matches
385,Marko Marin\Marko-Marin,de GER,MF,rs Red Star,30,1989,6.0,1,0,0,6,11,0,38,3,2,1,0,0,37,0,7,0.0,Matches
386,Guilherme Marinato\Guilherme-Marinato,ru RUS,GK,ru Loko Moscow,33,1985,5.0,0,0,0,0,1,0,0,1,0,0,0,0,27,0,0,,Matches
387,João Mário\Joao-Mario,pt POR,MF,ru Loko Moscow,26,1993,3.9,1,0,0,3,12,0,19,7,7,0,0,0,27,5,7,41.7,Matches
388,Marlos\Marlos,ua UKR,FWMF,ua Shakhtar,31,1988,4.1,2,1,1,5,5,0,9,2,4,0,0,0,26,0,3,0.0,Matches
389,Marquinhos\Marquinhos,br BRA,MFDF,fr Paris S-G,25,1994,7.8,1,0,0,5,4,0,0,12,9,0,0,0,83,14,10,58.3,Matches
390,Javi Martínez\Javi-Martinez,es ESP,DFMF,de Bayern Munich,30,1988,3.7,0,0,0,5,2,0,1,5,4,0,0,0,54,22,3,88.0,Matches
391,Lautaro Martínez\Lautaro-Martinez,ar ARG,FW,it Inter,21,1997,5.8,2,0,0,6,15,7,2,2,2,0,0,0,30,6,16,27.3,Matches
392,Lisandro Martínez\Lisandro-Martinez,ar ARG,MFDF,nl Ajax,21,1998,6.0,2,0,0,11,3,1,1,8,8,0,0,0,65,12,17,41.4,Matches
393,Andrea Masiello\Andrea-Masiello,it ITA,DF,it Atalanta,33,1986,2.4,1,0,0,6,3,2,1,8,3,0,1,0,14,0,1,0.0,Matches
394,Lukáš Masopust\Lukas-Masopust,cz CZE,FW,cz Slavia Prague,26,1993,5.2,1,0,0,10,9,3,7,4,7,0,0,0,38,1,11,8.3,Matches
395,Giorgos Masouras\Giorgos-Masouras,gr GRE,FWMF,gr Olympiacos,25,1994,4.7,0,0,0,6,5,2,20,6,8,0,0,0,31,3,6,33.3,Matches
396,Clinton Mata\Clinton-Mata,ao ANG,DF,be Club Brugge,26,1992,4.0,2,1,1,5,11,0,3,9,13,0,0,0,35,8,2,80.0,Matches
397,Joël Matip\Joel-Matip,cm CMR,DF,eng Liverpool,27,1991,1.0,0,0,0,2,0,0,0,1,0,0,0,0,9,0,2,0.0,Matches
398,Blaise Matuidi\Blaise-Matuidi,fr FRA,MF,it Juventus,32,1987,3.8,2,0,0,9,1,1,2,8,3,0,0,0,27,7,4,63.6,Matches
399,Mykola Matviyenko\Mykola-Matviyenko,ua UKR,DF,ua Shakhtar,23,1996,5.9,0,0,0,2,1,0,0,16,6,0,0,0,48,9,5,64.3,Matches
400,Eric Maxim Choupo-Moting\Eric-Maxim-Choupo-Moting,cm CMR,FW,fr Paris S-G,30,1989,1.1,1,0,0,5,2,1,0,1,2,0,0,0,8,4,6,40.0,Matches
401,Noussair Mazraoui\Noussair-Mazraoui,ma MAR,DFMF,nl Ajax,21,1997,2.5,1,0,0,7,3,0,3,5,9,0,0,0,37,6,6,50.0,Matches
402,Kylian Mbappé\Kylian-Mbappe,fr FRA,FW,fr Paris S-G,20,1998,5.0,1,0,0,2,6,4,9,2,3,1,0,0,29,1,3,25.0,Matches
403,Brandon Mechele\Brandon-Mechele,be BEL,DF,be Club Brugge,26,1993,5.0,0,0,0,1,0,0,0,8,3,0,0,0,38,17,5,77.3,Matches
404,Arthur Melo\Arthur-Melo,br BRA,MF,es Barcelona,22,1996,3.3,0,0,0,3,9,0,11,2,5,0,0,0,32,1,4,20.0,Matches
405,Thiago Mendes\Thiago-Mendes,br BRA,MF,fr Lyon,27,1992,4.4,1,0,0,2,5,0,2,12,6,0,0,0,53,2,3,40.0,Matches
406,Benjamin Mendy\Benjamin-Mendy,fr FRA,DF,eng Manchester City,25,1994,4.9,3,0,0,10,3,1,34,7,6,0,0,0,41,7,3,70.0,Matches
407,Ferland Mendy\Ferland-Mendy,fr FRA,DF,es Real Madrid,24,1995,3.5,0,0,0,3,3,0,14,3,5,0,0,0,25,5,6,45.5,Matches
408,Alex Meret\Alex-Meret,it ITA,GK,it Napoli,22,1997,6.0,0,0,0,0,1,0,0,1,0,0,0,0,20,0,0,,Matches
409,Yassine Meriah\Yassine-Meriah,tn TUN,DF,gr Olympiacos,26,1993,6.0,0,0,0,6,2,0,0,9,2,0,1,0,58,22,6,78.6,Matches
410,Dries Mertens\Dries-Mertens,be BEL,FW,it Napoli,32,1987,5.5,0,0,0,7,7,0,29,3,10,0,0,0,25,0,5,0.0,Matches
411,Lionel Messi\Lionel-Messi,ar ARG,FW,es Barcelona,32,1987,5.4,2,0,0,4,10,1,12,3,1,0,0,0,32,1,3,25.0,Matches
412,Thomas Meunier\Thomas-Meunier,be BEL,DF,fr Paris S-G,27,1991,5.0,3,0,0,9,1,0,8,10,9,0,0,0,46,9,8,52.9,Matches
413,Simon Mignolet\Simon-Mignolet,be BEL,GK,be Club Brugge,31,1988,6.0,1,0,0,0,1,0,0,0,0,0,0,0,25,0,0,,Matches
414,Arkadiusz Milik\Arkadiusz-Milik,pl POL,FW,it Napoli,25,1994,2.3,1,0,0,2,5,0,0,0,1,0,0,0,11,4,7,36.4,Matches
415,Éder Militão\Eder-Militao,br BRA,DF,es Real Madrid,21,1998,2.0,0,0,0,2,4,0,0,2,2,0,0,0,17,2,1,66.7,Matches
416,James Milner\James-Milner,eng ENG,MFDF,eng Liverpool,33,1986,4.6,1,0,0,10,1,0,30,3,4,0,0,0,40,6,6,50.0,Matches
417,Nemanja Milunovi?\Nemanja-Milunovic,rs SRB,DF,rs Red Star,30,1989,6.0,2,0,0,1,5,0,0,11,12,0,0,0,50,13,6,68.4,Matches
418,Takumi Minamino\Takumi-Minamino,jp JPN,MF,eng Liverpool,24,1995,0.1,0,0,0,0,0,0,2,0,0,0,0,0,0,0,0,,Matches
419,Takumi Minamino\Takumi-Minamino,jp JPN,MF,at RB Salzburg,24,1995,5.6,0,0,0,10,3,3,6,2,4,0,0,0,40,1,6,14.3,Matches
420,Aleksei Miranchuk\Aleksei-Miranchuk,ru RUS,MFFW,ru Loko Moscow,23,1995,4.0,0,0,0,10,1,2,8,4,3,0,0,0,30,3,4,42.9,Matches
421,Anton Miranchuk\Anton-Miranchuk,ru RUS,MF,ru Loko Moscow,23,1995,1.0,0,0,0,3,2,0,1,0,3,0,0,0,10,0,2,0.0,Matches
422,Matej Mitrovi?\Matej-Mitrovic,hr CRO,DF,be Club Brugge,25,1993,1.0,0,0,0,2,0,0,0,0,0,0,0,0,9,5,1,83.3,Matches
423,Luka Modri?\Luka-Modric,hr CRO,MF,es Real Madrid,33,1985,3.4,2,0,0,4,8,0,10,6,4,0,0,0,31,3,2,60.0,Matches
424,Emre Mor\Emre-Mor,tr TUR,FWMF,tr Galatasaray,22,1997,1.2,1,0,0,2,4,1,3,2,1,0,0,0,5,1,2,33.3,Matches
425,Júnior Moraes\Junior-Moraes,ua UKR,FW,ua Shakhtar,32,1987,5.8,1,0,0,15,16,6,1,2,2,0,0,0,16,11,21,34.4,Matches
426,Álvaro Morata\Alvaro-Morata,es ESP,FW,es Atlético Madrid,26,1992,5.2,2,0,0,10,13,10,6,4,7,0,0,0,17,23,37,38.3,Matches
427,Nikola Moro\Nikola-Moro,hr CRO,MF,hr Dinamo Zagreb,21,1998,4.6,3,1,1,10,2,0,0,11,10,0,0,0,53,1,1,50.0,Matches
428,François Moubandje\Francois-Moubandje,ch SUI,DF,hr Dinamo Zagreb,29,1990,1.0,0,0,0,2,0,0,2,1,2,0,0,0,9,2,1,66.7,Matches
429,Mason Mount\Mason-Mount,eng ENG,MFFW,eng Chelsea,20,1999,4.0,0,0,0,2,7,1,10,2,8,0,0,0,29,1,3,25.0,Matches
430,Lucas Moura\Lucas-Moura,br BRA,FWMF,eng Tottenham,26,1992,4.4,0,0,0,6,7,0,5,3,3,0,0,0,12,6,15,28.6,Matches
431,Nordi Mukiele\Nordi-Mukiele,fr FRA,DF,de RB Leipzig,21,1997,6.7,1,0,0,5,4,3,28,8,10,0,0,0,58,20,15,57.1,Matches
432,Thomas Müller\Thomas-Muller,de GER,MFFW,de Bayern Munich,29,1989,3.9,0,0,0,8,2,1,8,2,5,0,0,0,14,3,11,21.4,Matches
433,Simone Muratore\Simone-Muratore,it ITA,MF,it Juventus,21,1998,0.0,0,0,0,0,0,0,0,0,0,0,0,0,0,0,0,,Matches
434,Luis Muriel\Luis-Muriel,co COL,FW,it Atalanta,28,1991,2.2,1,0,0,7,6,2,6,0,4,1,0,0,8,3,10,23.1,Matches
435,Fernando Muslera\Fernando-Muslera,uy URU,GK,tr Galatasaray,33,1986,6.0,2,0,0,0,1,0,0,1,0,0,0,0,41,0,0,,Matches
436,Yvon Mvogo\Yvon-Mvogo,ch SUI,GK,de RB Leipzig,25,1994,0.3,0,0,0,0,0,0,0,0,0,0,0,0,1,0,0,,Matches
437,Enoch Mwepu\Enoch-Mwepu,zm ZAM,MF,at RB Salzburg,21,1998,4.5,0,0,0,13,6,1,2,4,14,0,0,0,68,8,7,53.3,Matches
438,Joakim Mæhle\Joakim-Maehle,dk DEN,DF,be Genk,22,1997,6.0,0,0,0,1,10,0,19,9,10,0,0,0,53,4,4,50.0,Matches
439,Nacho\Nacho,es ESP,DF,es Real Madrid,29,1990,0.5,0,0,0,0,0,0,3,1,1,0,0,0,4,1,0,100.0,Matches
440,Yuto Nagatomo\Yuto-Nagatomo,jp JPN,DF,tr Galatasaray,32,1986,5.8,1,0,0,8,2,0,14,8,3,0,0,0,43,8,9,47.1,Matches
441,Keylor Navas\Keylor-Navas,cr CRC,GK,fr Paris S-G,32,1986,7.0,0,0,0,0,1,0,0,1,0,0,0,0,26,0,0,,Matches
442,Tanguy Ndombele\Tanguy-Ndombele,fr FRA,MF,eng Tottenham,22,1996,3.8,1,0,0,6,5,0,4,5,6,0,0,0,35,3,1,75.0,Matches
443,Dieumerci Ndongala\Dieumerci-Ndongala,cd COD,MFFW,be Genk,28,1991,1.3,0,0,0,3,3,0,2,0,1,0,0,0,5,0,2,0.0,Matches
444,David Neres\David-Neres,br BRA,FW,nl Ajax,22,1997,2.0,0,0,0,2,3,1,1,2,3,0,0,0,13,0,3,0.0,Matches
445,Neto\Neto,br BRA,GK,es Barcelona,30,1989,1.0,0,0,0,0,0,0,0,0,0,0,0,0,7,0,0,,Matches
446,Manuel Neuer\Manuel-Neuer,de GER,GK,de Bayern Munich,33,1986,7.0,1,0,0,0,1,0,0,0,0,0,0,0,32,0,0,,Matches
447,Neymar\Neymar,br BRA,MFFW,fr Paris S-G,27,1992,3.5,2,0,0,4,9,1,15,2,4,0,0,0,18,0,2,0.0,Matches
448,Saúl Ñíguez\Saul-Niguez,es ESP,MFDF,es Atlético Madrid,24,1994,8.3,2,0,0,8,4,1,3,12,13,0,0,0,86,33,19,63.5,Matches
449,Rasmus Nissen\Rasmus-Nissen,dk DEN,DF,at RB Salzburg,22,1997,5.9,2,0,0,7,1,0,4,7,11,0,0,0,49,8,3,72.7,Matches
450,Christopher Nkunku\Christopher-Nkunku,fr FRA,MFFW,de RB Leipzig,21,1997,4.3,1,0,0,10,10,1,25,0,8,1,0,0,28,8,8,50.0,Matches
451,Casper de Norre\Casper-de-Norre,be BEL,DF,be Genk,22,1997,2.8,2,0,0,7,1,1,1,3,2,0,1,0,27,2,2,50.0,Matches
452,Steven Nzonzi\Steven-Nzonzi,fr FRA,MFDF,tr Galatasaray,30,1988,4.3,4,0,0,8,1,0,0,2,8,0,1,0,54,16,3,84.2,Matches
453,Jan Oblak\Jan-Oblak,si SVN,GK,es Atlético Madrid,26,1993,8.3,1,0,0,0,2,0,0,0,0,0,0,0,31,0,0,,Matches
454,Stephen Odey\Stephen-Odey,ng NGA,FW,be Genk,21,1998,0.1,1,0,0,1,1,0,0,0,0,0,0,0,0,0,0,,Matches
455,Álvaro Odriozola\Alvaro-Odriozola,es ESP,DF,es Real Madrid,23,1995,1.0,0,0,0,2,1,0,3,0,0,0,0,0,4,0,0,,Matches
456,David Okereke\David-Okereke,ng NGA,FWDF,be Club Brugge,21,1997,1.9,0,0,0,1,2,0,3,0,0,0,0,0,9,3,12,20.0,Matches
457,Masaya Okugawa\Masaya-Okugawa,jp JPN,MFFW,at RB Salzburg,23,1996,0.8,0,0,0,2,0,0,0,0,2,0,0,0,7,0,2,0.0,Matches
458,Peter Olayinka\Peter-Olayinka,ng NGA,FWMF,cz Slavia Prague,23,1995,5.9,2,0,0,21,7,2,11,6,12,1,0,1,47,3,14,17.6,Matches
459,Dani Olmo\Dani-Olmo,es ESP,MFFW,hr Dinamo Zagreb,21,1998,6.0,0,0,0,3,15,0,9,5,10,0,0,0,52,7,16,30.4,Matches
460,André Onana\Andre-Onana,cm CMR,GK,nl Ajax,23,1996,6.0,3,0,0,0,1,0,0,1,0,0,0,0,28,0,0,,Matches
461,Jerome Onguene\Jerome-Onguene,cm CMR,DF,at RB Salzburg,21,1997,4.0,1,0,0,3,2,1,0,4,7,0,0,0,60,9,7,56.3,Matches
462,Paul Onuachu\Paul-Onuachu,ng NGA,FW,be Genk,25,1994,2.4,0,0,0,10,5,3,0,0,5,0,0,0,4,9,12,42.9,Matches
463,Loïs Openda\Lois-Openda,be BEL,FW,be Club Brugge,19,2000,1.5,2,0,0,2,5,2,2,1,2,0,0,0,8,0,7,0.0,Matches
464,Willi Orban\Willi-Orban,hu HUN,DF,de RB Leipzig,26,1992,3.0,1,0,0,3,0,1,1,2,7,0,0,0,49,17,13,56.7,Matches
465,Divock Origi\Divock-Origi,be BEL,FW,eng Liverpool,24,1995,2.1,0,0,0,2,1,2,4,0,2,0,0,0,9,2,3,40.0,Matches
466,Mislav Orši?\Mislav-Orsic,hr CRO,FWMF,hr Dinamo Zagreb,26,1992,5.2,0,0,0,1,2,3,13,2,2,0,0,0,30,2,9,18.2,Matches
467,Victor Osimhen\Victor-Osimhen,ng NGA,FW,fr Lille,20,1998,5.0,1,0,0,14,5,13,2,2,1,0,0,0,17,14,29,32.6,Matches
468,Yordan Osorio\Yordan-Osorio,ve VEN,DF,ru Zenit,25,1994,3.6,0,0,0,1,1,0,2,8,7,0,0,0,38,6,5,54.5,Matches
469,David Ospina\David-Ospina,co COL,GK,it Napoli,30,1988,1.0,0,0,0,0,1,0,0,0,0,0,0,0,6,0,0,,Matches
470,Nicolás Otamendi\Nicolas-Otamendi,ar ARG,DF,eng Manchester City,31,1988,6.2,1,0,0,6,1,2,0,5,11,0,0,0,55,11,5,68.8,Matches
471,Alex Oxlade-Chamberlain\Alex-Oxlade-Chamberlain,eng ENG,MFFW,eng Liverpool,25,1993,3.1,0,0,0,1,1,0,15,3,5,0,0,0,27,3,2,60.0,Matches
472,?ener Özbayrakl?\Sener-Ozbayrakli,tr TUR,DF,tr Galatasaray,29,1990,0.2,0,0,0,0,0,0,1,0,0,0,0,0,3,0,0,,Matches
473,Magomed Ozdoyev\Magomed-Ozdoyev,ru RUS,MF,ru Zenit,26,1992,5.1,2,0,0,7,3,0,2,15,11,0,1,0,73,9,6,60.0,Matches
474,Joseph Paintsil\Joseph-Paintsil,gh GHA,MF,be Genk,21,1998,1.7,1,0,0,1,6,0,4,2,1,0,0,0,9,0,1,0.0,Matches
475,Emerson Palmieri\Emerson-Palmieri,it ITA,DF,eng Chelsea,24,1994,1.2,0,0,0,4,1,0,7,1,2,0,0,0,12,1,3,25.0,Matches
476,Radovan Pankov\Radovan-Pankov,rs SRB,DF,rs Red Star,23,1995,0.2,0,0,0,1,0,0,0,1,1,0,0,0,1,0,0,,Matches
477,Leandro Paredes\Leandro-Paredes,ar ARG,MF,fr Paris S-G,25,1994,2.3,0,0,0,4,8,0,0,3,7,0,0,0,20,4,0,100.0,Matches
478,Daniel Parejo\Daniel-Parejo,es ESP,MF,es Valencia,30,1989,8.0,1,0,0,3,17,0,39,10,12,0,0,0,72,2,4,33.3,Matches
479,Thomas Partey\Thomas-Partey,gh GHA,MF,es Atlético Madrid,26,1993,8.2,1,0,0,8,7,0,6,13,19,0,0,1,128,14,10,58.3,Matches
480,Mario Pašali?\Mario-Pasalic,hr CRO,MFFW,it Atalanta,24,1995,6.9,1,0,0,7,4,0,5,4,9,0,0,0,49,15,8,65.2,Matches
481,Alan Patrick\Alan-Patrick,br BRA,MF,ua Shakhtar,28,1991,5.5,2,0,0,5,9,0,3,5,5,0,0,0,38,1,4,20.0,Matches
482,Paulinho\Paulinho,br BRA,FWMF,de Leverkusen,19,2000,0.4,0,0,0,0,0,0,0,0,0,0,0,0,1,0,1,0.0,Matches
483,Gabriel Paulista\Gabriel-Paulista,br BRA,DF,es Valencia,28,1990,6.0,1,1,0,3,9,0,0,12,5,0,0,0,54,19,8,70.4,Matches
484,Benjamin Pavard\Benjamin-Pavard,fr FRA,DF,de Bayern Munich,23,1996,7.0,0,0,0,4,3,0,15,11,8,0,0,0,53,15,11,57.7,Matches
485,Milan Pavkov\Milan-Pavkov,rs SRB,FW,rs Red Star,25,1994,2.1,0,0,0,5,3,2,0,0,0,0,0,0,7,9,14,39.1,Matches
486,Pedro\Pedro,es ESP,FWDF,eng Chelsea,32,1987,1.1,0,0,0,3,2,0,7,0,1,0,0,0,13,1,0,100.0,Matches
487,Carles Pérez\Carles-Perez,es ESP,FW,es Barcelona,21,1998,0.9,0,0,0,0,1,1,0,0,1,0,0,0,6,0,2,0.0,Matches
488,Dino Peri?\Dino-Peric,hr CRO,DF,hr Dinamo Zagreb,25,1994,5.0,3,0,0,9,3,0,0,9,10,0,1,0,45,12,3,80.0,Matches
489,Ivan Periši?\Ivan-Perisic,hr CRO,FW,de Bayern Munich,30,1989,2.3,0,0,0,4,1,1,12,3,1,0,0,0,16,3,1,75.0,Matches
490,Bruno Petkovi?\Bruno-Petkovic,hr CRO,FW,hr Dinamo Zagreb,24,1994,5.1,0,0,0,13,17,3,1,2,3,0,0,0,34,26,28,48.1,Matches
491,Njegoš Petrovi?\Njegos-Petrovic,rs SRB,MF,rs Red Star,20,1999,3.4,2,0,0,7,2,0,1,4,5,0,0,0,25,0,3,0.0,Matches
492,Jérémy Pied\Jeremy-Pied,fr FRA,DF,fr Lille,30,1989,1.0,0,0,0,2,0,0,1,2,2,0,0,0,7,0,1,0.0,Matches
493,Gerard Piqué\Gerard-Pique,es ESP,DF,es Barcelona,32,1987,5.0,3,0,0,5,2,0,0,6,5,0,0,0,57,15,3,83.3,Matches
494,?ukasz Piszczek\Lukasz-Piszczek,pl POL,DF,de Dortmund,34,1985,4.0,1,0,0,2,2,0,4,9,8,0,0,0,38,4,2,66.7,Matches
495,Pizzi\Pizzi,pt POR,MFFW,pt Benfica,29,1989,4.5,1,0,0,1,8,1,22,2,3,0,0,0,31,1,3,25.0,Matches
496,Miralem Pjani?\Miralem-Pjanic,ba BIH,MF,it Juventus,29,1990,6.6,0,0,0,5,10,0,24,16,13,0,0,0,84,4,4,50.0,Matches
497,Daniel Podence\Daniel-Podence,pt POR,FWMF,gr Olympiacos,23,1995,5.1,2,0,0,7,5,1,13,2,5,0,0,0,29,1,7,12.5,Matches
498,Matteo Politano\Matteo-Politano,it ITA,FWDF,it Inter,25,1993,0.7,1,0,0,0,2,0,3,1,1,0,0,0,8,0,1,0.0,Matches
499,Matteo Politano\Matteo-Politano,it ITA,MF,it Napoli,25,1993,0.2,0,0,0,0,0,0,1,0,0,0,0,0,0,0,0,,Matches
500,Marin Pongra?i?\Marin-Pongracic,hr CRO,DF,at RB Salzburg,21,1997,0.5,1,0,0,2,0,0,0,1,1,0,0,0,4,0,1,0.0,Matches
501,Yussuf Poulsen\Yussuf-Poulsen,dk DEN,FWMF,de RB Leipzig,25,1994,4.4,1,0,0,5,4,0,2,1,0,1,0,0,26,15,14,51.7,Matches
502,Quincy Promes\Quincy-Promes,nl NED,FWMF,nl Ajax,27,1992,4.7,2,0,0,5,2,4,21,1,3,0,0,0,42,5,11,31.3,Matches
503,Lukáš Provod\Lukas-Provod,cz CZE,MFFW,cz Slavia Prague,22,1996,0.2,0,0,0,2,0,0,1,0,0,0,0,0,5,0,1,0.0,Matches
504,Christian Pulisic\Christian-Pulisic,us USA,FW,eng Chelsea,20,1998,3.0,0,0,0,0,4,1,7,0,1,1,0,0,13,4,7,36.4,Matches
505,Andriy Pyatov\Andriy-Pyatov,ua UKR,GK,ua Shakhtar,35,1984,6.0,1,0,0,1,2,0,0,0,0,1,1,0,31,0,0,,Matches
506,Adrien Rabiot\Adrien-Rabiot,fr FRA,MF,it Juventus,24,1995,3.1,0,0,0,5,9,0,8,0,6,0,0,0,37,9,7,56.3,Matches
507,Rafael\Rafael,br BRA,DF,fr Lyon,29,1990,0.8,0,0,0,1,2,0,4,1,3,0,0,0,9,2,1,66.7,Matches
508,Ivan Rakiti?\Ivan-Rakitic,hr CRO,MF,es Barcelona,31,1988,2.8,1,0,0,2,2,1,4,8,1,0,0,0,38,3,4,42.9,Matches
509,Yaroslav Rakitskiy\Yaroslav-Rakitskiy,ua UKR,DF,ru Zenit,29,1989,5.0,3,0,0,5,4,0,1,8,5,0,0,0,50,10,4,71.4,Matches
510,André Ramalho\Andre-Ramalho,br BRA,DF,at RB Salzburg,27,1992,2.0,0,0,0,3,0,0,0,5,0,0,0,0,18,5,3,62.5,Matches
511,Sergio Ramos\Sergio-Ramos,es ESP,DF,es Real Madrid,33,1986,4.9,0,1,0,4,1,0,1,10,2,0,0,0,45,14,4,77.8,Matches
512,Aaron Ramsey\Aaron-Ramsey,wal WAL,MF,it Juventus,28,1990,1.9,0,0,0,1,3,0,3,0,1,0,0,0,9,0,2,0.0,Matches
513,Lazar Ran?elovi?\Lazar-Randjelovic,rs SRB,FW,gr Olympiacos,21,1997,1.0,0,0,0,1,4,0,1,0,2,0,0,0,10,1,1,50.0,Matches
514,Jeff Reine-Adélaïde\Jeff-Reine-Adelaide,fr FRA,MFFW,fr Lyon,21,1998,3.1,0,0,0,3,8,0,6,0,3,0,0,0,18,1,3,25.0,Matches
515,Francisco Reis Ferreira\Francisco-Reis-Ferreira,pt POR,DF,pt Benfica,22,1997,4.2,0,0,0,1,0,0,0,6,6,0,0,0,29,7,7,50.0,Matches
516,Loïc Rémy\Loic-Remy,fr FRA,FW,fr Lille,32,1987,2.3,0,0,0,3,2,1,2,0,1,0,0,0,3,6,7,46.2,Matches
517,Panagiotis Retsos\Panagiotis-Retsos,gr GRE,DF,de Leverkusen,20,1998,1.1,0,0,0,3,1,0,0,2,5,0,0,0,10,4,0,100.0,Matches
518,Marco Reus\Marco-Reus,de GER,FWMF,de Dortmund,30,1989,4.0,0,0,0,8,5,2,2,1,9,0,0,0,22,4,4,50.0,Matches
519,Giovanni Reyna\Giovanni-Reyna,us USA,FWMF,de Dortmund,16,2002,0.5,0,0,0,1,2,0,2,0,1,0,0,0,5,0,1,0.0,Matches
520,Jander Ribeiro Santana\Jander-Ribeiro-Santana,br BRA,DF,rs Red Star,31,1988,1.6,1,0,0,1,5,0,1,5,2,0,0,0,8,1,2,33.3,Matches
521,Federico Ricca\Federico-Ricca,uy URU,DF,be Club Brugge,24,1994,3.0,1,0,0,6,1,0,7,3,4,0,0,0,19,4,2,66.7,Matches
522,Sergio Rico\Sergio-Rico,es ESP,GK,fr Paris S-G,25,1993,1.0,0,0,0,0,0,0,0,0,0,0,0,0,2,0,0,,Matches
523,Mats Rits\Mats-Rits,be BEL,MF,be Club Brugge,26,1993,4.4,1,0,0,7,5,0,6,3,7,0,0,0,34,2,4,33.3,Matches
524,Sergi Roberto\Sergi-Roberto,es ESP,DF,es Barcelona,27,1992,3.1,1,0,0,4,4,0,6,3,2,0,0,0,22,1,2,33.3,Matches
525,Andrew Robertson\Andrew-Robertson,sco SCO,DF,eng Liverpool,25,1994,7.2,2,0,0,7,1,0,38,8,10,0,1,0,87,8,6,57.1,Matches
526,Milan Rodi?\Milan-Rodic,rs SRB,DF,rs Red Star,28,1991,4.9,2,0,0,7,0,0,12,5,5,0,0,0,25,8,3,72.7,Matches
527,Rodri\Rodri,es ESP,MF,eng Manchester City,23,1996,5.0,1,0,0,10,4,0,2,8,13,0,0,0,56,6,4,60.0,Matches
528,Rodrigo\Rodrigo,es ESP,FW,es Valencia,28,1991,5.8,0,0,0,8,12,1,8,5,3,0,0,0,38,6,16,27.3,Matches
529,James Rodríguez\James-Rodriguez,co COL,MF,es Real Madrid,28,1991,0.9,0,0,0,0,0,0,2,0,0,0,0,0,5,1,1,50.0,Matches
530,Rodrygo\Rodrygo,br BRA,FW,es Real Madrid,18,2001,3.0,0,0,0,2,3,0,9,3,2,0,0,0,23,0,8,0.0,Matches
531,Cristiano Ronaldo\Cristiano-Ronaldo,pt POR,FW,it Juventus,34,1985,6.9,0,0,0,7,8,7,10,4,0,0,0,0,23,7,9,43.8,Matches
532,Marten de Roon\Marten-de-Roon,nl NED,MF,it Atalanta,28,1991,7.5,2,0,0,15,4,0,1,14,18,0,0,0,79,6,2,75.0,Matches
533,Danny Rose\Danny-Rose,eng ENG,DF,eng Tottenham,29,1990,4.0,0,0,0,7,10,0,4,6,7,1,0,0,40,1,2,33.3,Matches
534,Antonio Rüdiger\Antonio-Rudiger,de GER,DF,eng Chelsea,26,1993,2.0,0,0,0,0,0,0,0,4,1,0,0,0,18,4,8,33.3,Matches
535,Daniele Rugani\Daniele-Rugani,it ITA,DF,it Juventus,25,1994,2.0,0,0,0,4,0,0,0,1,3,0,0,0,16,5,3,62.5,Matches
536,Mário Rui\Mario-Rui,pt POR,DF,it Napoli,28,1991,4.9,2,0,0,2,8,0,21,9,6,0,0,0,36,1,8,11.1,Matches
537,Fabián Ruiz Peña\Fabian-Ruiz-Pena,es ESP,MF,it Napoli,23,1996,7.0,1,0,0,2,3,0,9,16,4,0,0,0,72,7,0,100.0,Matches
538,Maciej Rybus\Maciej-Rybus,pl POL,DF,ru Loko Moscow,29,1989,5.0,1,0,0,5,2,0,9,14,3,0,0,0,38,4,3,57.1,Matches
539,José Sá\Jose-Sa,pt POR,GK,gr Olympiacos,26,1993,6.0,0,0,0,0,0,0,0,1,0,0,0,0,38,0,0,,Matches
540,Marcel Sabitzer\Marcel-Sabitzer,at AUT,MFFW,de RB Leipzig,25,1994,7.0,2,0,0,9,5,1,39,6,5,0,0,0,69,3,1,75.0,Matches
541,Mohamed Salah\Mohamed-Salah,eg EGY,FW,eng Liverpool,27,1992,8.1,0,0,0,8,3,3,8,0,4,0,0,0,52,1,4,20.0,Matches
542,Andreas Samaris\Andreas-Samaris,gr GRE,MF,pt Benfica,30,1989,0.1,0,0,0,0,0,0,0,0,2,0,0,0,2,1,0,100.0,Matches
543,Mbwana Samatta\Mbwana-Samatta,tz TAN,FWMF,be Genk,26,1992,5.7,2,0,0,6,12,3,5,0,3,0,0,0,23,14,47,23.0,Matches
544,Renato Sanches\Renato-Sanches,pt POR,MFFW,fr Lille,21,1997,1.4,1,0,0,3,2,0,7,3,2,0,0,0,23,1,3,25.0,Matches
545,Alexis Sánchez\Alexis-Sanchez,cl CHI,FW,it Inter,30,1988,0.7,1,0,0,1,1,1,0,2,1,0,0,0,3,1,2,33.3,Matches
546,Davinson Sánchez\Davinson-Sanchez,co COL,DF,eng Tottenham,23,1996,5.0,0,0,0,7,4,0,3,7,7,0,0,0,46,17,6,73.9,Matches
547,Jadon Sancho\Jadon-Sancho,eng ENG,FW,de Dortmund,19,2000,7.2,0,0,0,2,9,3,13,3,5,1,0,0,42,2,5,28.6,Matches
548,Alex Sandro\Alex-Sandro,br BRA,DF,it Juventus,28,1991,5.0,0,0,0,3,9,0,27,8,7,0,0,0,47,13,7,65.0,Matches
549,Douglas Santos\Douglas-Santos,br BRA,DFMF,ru Zenit,25,1994,5.6,2,1,1,4,2,0,23,10,9,0,0,0,55,6,3,66.7,Matches
550,Pablo Sarabia\Pablo-Sarabia,es ESP,FWMF,fr Paris S-G,27,1992,3.8,0,0,0,6,7,3,10,1,5,0,0,0,22,0,5,0.0,Matches
551,Marcelo Saracchi\Marcelo-Saracchi,uy URU,DF,de RB Leipzig,21,1998,1.8,1,0,0,4,3,0,11,2,2,0,0,0,11,0,5,0.0,Matches
552,Stefan Savi?\Stefan-Savic,me MNE,DF,es Atlético Madrid,28,1991,3.3,0,0,0,2,0,0,0,2,1,0,0,0,14,12,4,75.0,Matches
553,Patrik Schick\Patrik-Schick,cz CZE,FW,de RB Leipzig,23,1996,2.1,0,0,0,3,6,2,0,1,0,1,0,0,11,6,7,46.2,Matches
554,Marcel Schmelzer\Marcel-Schmelzer,de GER,FW,de Dortmund,31,1988,0.0,0,0,0,0,0,0,0,0,0,0,0,0,0,0,0,,Matches
555,Siebe Schrijvers\Siebe-Schrijvers,be BEL,MFFW,be Club Brugge,23,1996,0.9,0,0,0,1,3,2,6,3,2,0,0,0,9,0,1,0.0,Matches
556,Nico Schulz\Nico-Schulz,de GER,DFMF,de Dortmund,26,1993,2.5,0,0,0,2,2,0,5,1,1,0,0,0,20,0,2,0.0,Matches
557,Perr Schuurs\Perr-Schuurs,nl NED,DF,nl Ajax,19,1999,1.2,0,0,0,0,0,0,0,2,1,0,0,0,11,0,1,0.0,Matches
558,Haris Seferovi?\Haris-Seferovic,ch SUI,FW,pt Benfica,27,1992,2.3,0,0,0,3,1,1,1,0,0,0,0,0,9,1,4,20.0,Matches
559,Nélson Semedo\Nelson-Semedo,pt POR,DF,es Barcelona,25,1993,5.0,2,0,0,10,8,1,7,7,11,0,1,0,37,3,1,75.0,Matches
560,Rúben Semedo\Ruben-Semedo,pt POR,DF,gr Olympiacos,25,1994,6.0,2,0,0,7,4,0,0,4,6,0,0,0,33,8,3,72.7,Matches
561,Stefano Sensi\Stefano-Sensi,it ITA,MF,it Inter,23,1995,2.1,0,0,0,4,8,0,9,2,1,0,0,0,22,1,1,50.0,Matches
562,Jean Seri\Jean-Seri,ci CIV,MF,tr Galatasaray,28,1991,5.3,1,0,0,5,8,0,17,2,5,0,0,0,48,10,4,71.4,Matches
563,Ryan Sessegnon\Ryan-Sessegnon,eng ENG,FWDF,eng Tottenham,19,2000,2.2,1,0,0,1,1,2,3,3,1,0,0,0,18,2,8,20.0,Matches
564,Petr Šev?ík\Petr-Sevcik,cz CZE,MF,cz Slavia Prague,25,1994,5.0,2,0,0,2,6,1,10,4,4,0,0,0,49,4,7,36.4,Matches
565,Xherdan Shaqiri\Xherdan-Shaqiri,ch SUI,MF,eng Liverpool,27,1991,0.0,0,0,0,0,0,0,0,0,0,0,0,0,1,0,0,,Matches
566,Oleg Shatov\Oleg-Shatov,ru RUS,MF,ru Zenit,29,1990,2.6,1,0,0,2,2,0,7,3,3,0,0,0,23,1,1,50.0,Matches
567,Danylo Sikan\Danylo-Sikan,ua UKR,FW,ua Shakhtar,18,2001,0.0,0,0,0,0,0,0,0,0,0,0,0,0,0,0,0,,Matches
568,Bernardo Silva\Bernardo-Silva,pt POR,FWMF,eng Manchester City,24,1994,4.6,1,0,0,3,2,2,11,2,2,0,0,0,34,1,8,11.1,Matches
569,David Silva\David-Silva,es ESP,MF,eng Manchester City,33,1986,1.2,0,0,0,2,0,1,0,3,0,0,0,0,8,0,1,0.0,Matches
570,Rafa Silva\Rafa-Silva,pt POR,FWMF,pt Benfica,26,1993,1.4,0,0,0,1,4,0,1,1,0,0,0,0,4,0,1,0.0,Matches
571,Thiago Silva\Thiago-Silva,br BRA,DF,fr Paris S-G,34,1984,6.0,1,0,0,3,3,0,0,8,7,0,1,0,64,12,3,80.0,Matches
572,Daley Sinkgraven\Daley-Sinkgraven,nl NED,DFMF,de Leverkusen,24,1995,1.1,0,0,0,0,2,0,1,1,3,0,0,0,11,0,2,0.0,Matches
573,Moussa Sissoko\Moussa-Sissoko,fr FRA,MFFW,eng Tottenham,29,1989,4.7,0,0,0,5,1,0,1,4,7,0,0,0,53,4,5,44.4,Matches
574,Mario Šitum\Mario-Situm,hr CRO,MF,hr Dinamo Zagreb,27,1992,0.0,0,0,0,0,0,0,0,0,0,0,0,0,0,0,0,,Matches
575,Oliver Skipp\Oliver-Skipp,eng ENG,MFFW,eng Tottenham,18,2000,0.3,1,0,0,2,0,0,0,1,1,0,0,0,2,0,0,,Matches
576,Milan Škoda\Milan-Skoda,cz CZE,FWMF,cz Slavia Prague,33,1986,0.8,0,0,0,1,0,0,0,0,1,0,0,0,1,2,2,50.0,Matches
577,Milan Škriniar\Milan-Skriniar,sk SVK,DF,it Inter,24,1995,6.0,1,0,0,11,4,0,1,13,11,0,0,0,56,5,1,83.3,Matches
578,Igor Smolnikov\Igor-Smolnikov,ru RUS,DF,ru Zenit,30,1988,1.5,0,0,0,2,2,0,1,1,2,0,0,0,14,0,1,0.0,Matches
579,Fyodor Smolov\Fyodor-Smolov,ru RUS,FW,ru Loko Moscow,29,1990,2.2,0,0,0,0,5,0,1,3,0,0,0,0,12,5,6,45.5,Matches
580,Eduard Sobol\Eduard-Sobol,ua UKR,DF,be Club Brugge,24,1995,2.9,1,0,0,2,1,0,8,2,6,0,0,0,19,3,2,60.0,Matches
581,Carlos Soler\Carlos-Soler,es ESP,MF,es Valencia,22,1997,4.4,0,0,0,2,5,0,1,1,5,0,0,0,28,4,6,40.0,Matches
582,Manor Solomon\Manor-Solomon,il ISR,FWMF,ua Shakhtar,20,1999,1.5,0,0,0,0,3,0,5,1,2,0,0,0,6,0,1,0.0,Matches
583,Tomáš Sou?ek\Tomas-Soucek,cz CZE,MF,cz Slavia Prague,24,1995,6.0,1,0,0,12,9,0,1,14,12,0,0,0,71,24,8,75.0,Matches
584,Adama Soumaoro\Adama-Soumaoro,fr FRA,DF,fr Lille,27,1992,1.0,0,0,0,1,0,0,0,4,0,0,0,1,6,1,2,33.3,Matches
585,Boubakary Soumaré\Boubakary-Soumare,fr FRA,MF,fr Lille,20,1999,5.8,0,0,0,1,8,0,1,12,10,0,0,0,72,6,4,60.0,Matches
586,Marco Sportiello\Marco-Sportiello,it ITA,GK,it Atalanta,27,1992,1.0,0,0,0,0,0,0,0,0,0,0,0,0,6,0,0,,Matches
587,Nicolae Stanciu\Nicolae-Stanciu,ro ROU,MF,cz Slavia Prague,26,1993,5.1,1,0,0,2,9,0,30,1,4,0,0,0,44,0,4,0.0,Matches
588,Cican Stankovic\Cican-Stankovic,at AUT,GK,at RB Salzburg,26,1992,3.4,0,0,0,0,0,0,0,0,0,0,0,0,16,0,0,,Matches
589,Taras Stepanenko\Taras-Stepanenko,ua UKR,MF,ua Shakhtar,29,1989,6.0,1,0,0,5,3,0,1,9,9,0,0,0,47,16,9,64.0,Matches
590,Raheem Sterling\Raheem-Sterling,eng ENG,FW,eng Manchester City,24,1994,4.8,0,0,0,2,13,3,8,6,6,2,0,0,22,2,6,25.0,Matches
591,Petar Stojanovi?\Petar-Stojanovic,si SVN,DF,hr Dinamo Zagreb,23,1995,5.6,2,0,0,12,2,0,17,4,10,0,0,0,46,9,6,60.0,Matches
592,John Stones\John-Stones,eng ENG,DF,eng Manchester City,25,1994,0.6,0,0,0,0,0,0,0,2,0,0,0,0,1,1,1,50.0,Matches
593,Luis Suárez\Luis-Suarez,uy URU,FW,es Barcelona,32,1987,4.3,0,0,0,2,8,2,1,2,3,0,0,0,19,3,5,37.5,Matches
594,Niklas Süle\Niklas-Sule,de GER,DF,de Bayern Munich,23,1995,2.0,0,0,0,2,0,0,0,2,2,0,0,0,16,1,1,50.0,Matches
595,Aleksei Sutormin\Aleksei-Sutormin,ru RUS,MF,ru Zenit,25,1994,0.3,0,0,0,0,2,0,1,1,1,0,0,0,0,0,2,0.0,Matches
596,Wojciech Szcz?sny\Wojciech-Szczesny,pl POL,GK,it Juventus,29,1990,6.0,0,0,0,0,0,0,0,0,0,0,0,0,36,0,0,,Matches
597,Dominik Szoboszlai\Dominik-Szoboszlai,hu HUN,MF,at RB Salzburg,18,2000,4.3,1,0,0,6,3,0,10,2,4,0,0,0,40,3,7,30.0,Matches
598,Adel Taarabt\Adel-Taarabt,ma MAR,MF,pt Benfica,30,1989,4.0,1,0,0,3,9,0,5,3,2,0,0,0,48,3,2,60.0,Matches
599,Dušan Tadi?\Dusan-Tadic,rs SRB,FW,nl Ajax,30,1988,6.0,2,0,0,13,11,2,12,7,4,0,0,0,22,5,12,29.4,Matches
600,Nicolás Tagliafico\Nicolas-Tagliafico,ar ARG,DF,nl Ajax,26,1992,6.0,2,0,0,9,10,0,13,17,12,0,0,0,58,19,17,52.8,Matches
601,Jonathan Tah\Jonathan-Tah,de GER,DF,de Leverkusen,23,1996,5.0,1,0,0,5,2,0,2,7,4,0,0,0,63,12,7,63.2,Matches
602,Taison\Taison,br BRA,MFFW,ua Shakhtar,31,1988,5.0,0,0,0,4,16,2,2,3,5,0,0,0,31,3,3,50.0,Matches
603,Laco Takács\Laco-Takacs,cz CZE,DF,cz Slavia Prague,23,1996,1.0,0,0,0,0,0,0,0,5,3,0,0,0,19,1,0,100.0,Matches
604,Adrien Tameze\Adrien-Tameze,cm CMR,MF,it Atalanta,25,1994,0.1,0,0,0,1,0,0,0,0,0,0,0,0,0,0,0,,Matches
605,Japhet Tanganga\Japhet-Tanganga,eng ENG,DF,eng Tottenham,20,1999,1.0,1,0,0,1,2,0,0,0,0,0,0,0,8,1,0,100.0,Matches
606,Percy Tau\Percy-Tau,za RSA,FW,be Club Brugge,25,1994,2.6,0,0,0,8,4,5,7,2,2,0,0,0,12,2,4,33.3,Matches
607,David Tavares\David-Tavares,pt POR,MF,pt Benfica,20,1999,0.3,0,0,0,0,0,0,0,0,0,0,0,0,0,0,0,,Matches
608,Tomás Tavares\Tomas-Tavares,pt POR,DF,pt Benfica,18,2001,5.0,0,0,0,3,5,0,15,3,5,0,0,0,46,1,7,12.5,Matches
609,Stanislav Tecl\Stanislav-Tecl,cz CZE,FW,cz Slavia Prague,28,1990,1.5,0,0,0,1,2,2,3,0,1,0,0,0,5,2,5,28.6,Matches
610,Marc-André ter Stegen\Marc-Andre-ter-Stegen,de GER,GK,es Barcelona,27,1992,6.0,0,0,0,0,1,0,0,0,0,0,0,0,19,0,0,,Matches
611,Martin Terrier\Martin-Terrier,fr FRA,FWMF,fr Lyon,22,1997,2.7,0,0,0,6,6,1,3,3,3,0,0,0,20,6,6,50.0,Matches
612,Tetê\Tete,br BRA,MF,ua Shakhtar,19,2000,1.7,0,0,0,1,1,1,8,1,0,0,0,0,8,0,4,0.0,Matches
613,Kenny Tete\Kenny-Tete,nl NED,DF,fr Lyon,23,1995,1.1,0,0,0,1,4,0,3,1,1,0,0,0,18,2,2,50.0,Matches
614,Kévin Théophile-Catherine\Kevin-Theophile-Catherine,fr FRA,DF,hr Dinamo Zagreb,29,1989,4.8,3,0,0,9,3,0,6,10,7,0,1,0,62,6,13,31.6,Matches
615,Jean-Clair Todibo\Jean-Clair-Todibo,fr FRA,DF,es Barcelona,19,1999,1.0,0,0,0,1,0,0,0,1,6,0,0,0,10,2,1,66.7,Matches
616,Karl Toko Ekambi\Karl-Toko-Ekambi,cm CMR,FW,fr Lyon,26,1992,0.7,0,0,0,1,0,0,3,0,0,0,0,0,6,0,1,0.0,Matches
617,Corentin Tolisso\Corentin-Tolisso,fr FRA,MF,de Bayern Munich,24,1994,3.4,0,0,0,2,7,1,4,2,5,0,0,0,36,6,2,75.0,Matches
618,Rafael Tolói\Rafael-Toloi,br BRA,DF,it Atalanta,28,1990,6.0,3,0,0,11,4,0,3,9,9,0,0,0,48,7,5,58.3,Matches
619,Tomané\Tomane,pt POR,FW,rs Red Star,26,1992,2.3,0,0,0,5,4,2,1,0,0,0,0,0,5,7,22,24.1,Matches
620,Raúl de Tomás\Raul-de-Tomas,es ESP,FW,pt Benfica,24,1994,1.4,0,0,0,5,3,1,1,0,0,0,0,0,6,2,7,22.2,Matches
621,Fikayo Tomori\Fikayo-Tomori,eng ENG,DF,eng Chelsea,21,1997,4.0,1,0,0,2,2,0,0,6,9,0,0,0,49,12,6,66.7,Matches
622,Vasilis Torosidis\Vasilis-Torosidis,gr GRE,DF,gr Olympiacos,34,1985,1.0,1,0,0,1,2,0,2,0,0,0,0,0,8,1,2,33.3,Matches
623,Ferrán Torres\Ferran-Torres,es ESP,MF,es Valencia,19,2000,5.3,0,0,0,1,11,1,19,5,6,0,0,0,46,11,15,42.3,Matches
624,Lucas Tousart\Lucas-Tousart,fr FRA,MF,fr Lyon,22,1997,6.7,0,0,0,15,3,0,6,8,13,0,1,0,81,13,12,52.0,Matches
625,Bertrand Traoré\Bertrand-Traore,bf BFA,MFFW,fr Lyon,23,1995,2.6,0,0,0,2,2,0,18,1,0,0,0,0,18,1,3,25.0,Matches
626,Ibrahim Traoré\Ibrahim-Traore,ci CIV,MFFW,cz Slavia Prague,30,1988,1.9,0,0,0,7,3,0,0,2,1,0,0,0,15,0,7,0.0,Matches
627,Kieran Trippier\Kieran-Trippier,eng ENG,DF,es Atlético Madrid,28,1990,5.0,0,0,0,2,4,2,38,7,8,0,0,0,53,6,4,60.0,Matches
628,Kostas Tsimikas\Kostas-Tsimikas,gr GRE,DF,gr Olympiacos,23,1996,6.0,1,0,0,5,13,1,27,11,14,0,0,0,50,3,7,30.0,Matches
629,Andreas Ulmer\Andreas-Ulmer,at AUT,DF,at RB Salzburg,33,1985,6.0,0,0,0,2,2,0,23,6,10,0,0,0,69,9,8,52.9,Matches
630,Samuel Umtiti\Samuel-Umtiti,fr FRA,DF,es Barcelona,25,1993,3.0,0,0,0,2,3,0,0,5,1,0,0,0,28,3,0,100.0,Matches
631,Dayot Upamecano\Dayot-Upamecano,fr FRA,DF,de RB Leipzig,20,1998,5.3,3,0,0,10,2,0,1,4,15,0,0,0,79,17,7,70.8,Matches
632,Jere Uronen\Jere-Uronen,fi FIN,DF,be Genk,25,1994,3.0,0,0,0,1,4,0,8,4,7,0,0,0,28,3,1,75.0,Matches
633,Mathieu Valbuena\Mathieu-Valbuena,fr FRA,MF,gr Olympiacos,34,1984,1.2,0,0,0,1,3,0,6,1,0,1,0,0,7,0,2,0.0,Matches
634,Borja Valero\Borja-Valero,es ESP,MF,it Inter,34,1985,1.7,1,0,0,3,5,0,0,2,2,0,0,0,23,0,4,0.0,Matches
635,Albert Vallci\Albert-Vallci,at AUT,DF,at RB Salzburg,24,1995,0.0,0,0,0,0,0,0,0,0,0,0,0,0,0,0,0,,Matches
636,Manu Vallejo\Manu-Vallejo,es ESP,FWMF,es Valencia,22,1997,0.8,1,0,0,1,2,0,0,0,1,0,0,0,4,1,7,12.5,Matches
637,Federico Valverde\Federico-Valverde,uy URU,MF,es Real Madrid,21,1998,3.8,2,0,0,6,3,0,4,7,5,0,0,0,32,5,2,71.4,Matches
638,Hans Vanaken\Hans-Vanaken,be BEL,MF,be Club Brugge,26,1992,6.0,0,0,0,6,5,2,1,1,7,0,0,0,54,1,5,16.7,Matches
639,Maarten Vandevoordt\Maarten-Vandevoordt,be BEL,GK,be Genk,17,2002,1.0,1,0,0,1,0,0,0,1,0,0,1,0,1,0,0,,Matches
640,Raphaël Varane\Raphael-Varane,fr FRA,DF,es Real Madrid,26,1993,7.0,1,0,0,2,1,0,0,8,9,0,0,0,65,16,15,51.6,Matches
641,Lucas Vázquez\Lucas-Vazquez,es ESP,FWMF,es Real Madrid,28,1991,1.0,0,0,0,4,5,1,6,1,0,0,0,0,6,0,0,,Matches
642,Matías Vecino\Matias-Vecino,uy URU,MF,it Inter,27,1991,2.6,1,0,0,7,1,0,1,6,7,0,0,0,24,6,7,46.2,Matches
643,Joël Veltman\Joel-Veltman,nl NED,DF,nl Ajax,27,1992,4.7,3,1,1,6,7,0,1,11,7,0,1,0,55,12,2,85.7,Matches
644,Marco Verratti\Marco-Verratti,it ITA,MF,fr Paris S-G,26,1992,6.2,3,0,0,6,21,0,3,3,23,0,0,0,55,1,5,16.7,Matches
645,Jan Vertonghen\Jan-Vertonghen,be BEL,DF,eng Tottenham,32,1987,2.8,0,0,0,3,2,0,1,1,2,0,1,0,26,11,3,78.6,Matches
646,Arturo Vidal\Arturo-Vidal,cl CHI,MFFW,es Barcelona,32,1987,3.7,3,1,1,11,3,2,3,1,9,0,0,0,32,9,2,81.8,Matches
647,Vitolo\Vitolo,es ESP,FWMF,es Atlético Madrid,29,1989,1.3,0,0,0,3,5,0,0,1,0,0,0,0,7,2,3,40.0,Matches
648,Odisseas Vlachodimos\Odisseas-Vlachodimos,gr GRE,GK,pt Benfica,25,1994,6.0,0,0,0,0,2,0,0,2,0,0,0,0,31,0,0,,Matches
649,Thibault Vlietinck\Thibault-Vlietinck,be BEL,DF,be Club Brugge,21,1997,0.8,0,0,0,1,2,0,3,1,1,0,0,0,1,0,2,0.0,Matches
650,Kevin Volland\Kevin-Volland,de GER,FW,de Leverkusen,27,1992,5.1,0,0,0,12,5,2,10,1,3,0,0,0,20,7,17,29.2,Matches
651,Ruud Vormer\Ruud-Vormer,nl NED,MF,be Club Brugge,31,1988,2.9,3,1,1,5,3,1,15,2,5,0,0,0,19,1,5,16.7,Matches
652,Stefan de Vrij\Stefan-de-Vrij,nl NED,DF,it Inter,27,1992,6.0,1,0,0,4,1,0,0,16,7,0,1,0,62,11,3,78.6,Matches
653,Šime Vrsaljko\Sime-Vrsaljko,hr CRO,DF,es Atlético Madrid,27,1992,1.3,0,0,0,2,3,0,3,1,3,0,0,0,7,3,1,75.0,Matches
654,Aleksa Vukanovi?\Aleksa-Vukanovic,rs SRB,FWMF,rs Red Star,27,1992,1.9,0,0,0,0,1,1,2,4,1,0,0,0,9,1,4,20.0,Matches
655,Miloš Vuli?\Milos-Vulic,rs SRB,MF,rs Red Star,22,1996,2.1,1,0,0,2,3,0,0,4,1,0,0,0,18,2,1,66.7,Matches
656,Moussa Wagué\Moussa-Wague,sn SEN,DF,es Barcelona,20,1998,1.0,0,0,0,1,0,0,1,1,4,0,0,0,5,0,1,0.0,Matches
657,Kyle Walker\Kyle-Walker,eng ENG,DF,eng Manchester City,29,1990,2.9,0,0,0,3,2,0,3,7,4,0,0,0,31,4,2,66.7,Matches
658,Kyle Walker-Peters\Kyle-Walker-Peters,eng ENG,DF,eng Tottenham,22,1997,1.0,0,0,0,2,1,0,3,0,0,0,0,0,10,1,1,50.0,Matches
659,Victor Wanyama\Victor-Wanyama,ke KEN,MF,eng Tottenham,28,1991,0.1,0,0,0,0,1,0,0,1,0,0,0,0,2,0,0,,Matches
660,Daniel Wass\Daniel-Wass,dk DEN,DFMF,es Valencia,30,1989,8.0,3,0,0,9,12,0,21,14,11,0,1,0,84,16,13,55.2,Matches
661,Julian Weigl\Julian-Weigl,de GER,MFDF,de Dortmund,23,1995,3.8,3,1,1,8,6,0,0,3,5,0,0,0,28,4,0,100.0,Matches
662,Mitchell Weiser\Mitchell-Weiser,de GER,DF,de Leverkusen,25,1994,3.0,1,0,0,7,5,0,7,6,6,0,0,0,27,5,8,38.5,Matches
663,Wendell\Wendell,br BRA,DF,de Leverkusen,26,1993,3.9,1,0,0,7,4,0,2,4,17,0,0,0,46,2,3,40.0,Matches
664,Timo Werner\Timo-Werner,de GER,FWMF,de RB Leipzig,23,1996,6.4,1,0,0,6,6,12,20,2,4,0,0,0,36,0,6,0.0,Matches
665,Georginio Wijnaldum\Georginio-Wijnaldum,nl NED,MF,eng Liverpool,28,1990,6.1,0,0,0,2,6,1,4,5,7,0,0,0,59,11,6,64.7,Matches
666,Willian\Willian,br BRA,FW,eng Chelsea,30,1988,5.9,0,0,0,6,14,1,42,0,2,0,0,0,36,4,7,36.4,Matches
667,Harry Winks\Harry-Winks,eng ENG,MF,eng Tottenham,23,1996,4.9,2,0,0,8,5,0,5,7,13,0,0,0,58,0,2,0.0,Matches
668,Axel Witsel\Axel-Witsel,be BEL,MF,de Dortmund,30,1989,6.8,1,0,0,12,12,0,1,7,8,0,0,0,63,5,4,55.6,Matches
669,Maximilian Wöber\Maximilian-Wober,at AUT,DF,at RB Salzburg,21,1998,6.0,0,0,0,7,0,1,0,18,9,0,0,0,64,12,6,66.7,Matches
670,Xeka\Xeka,pt POR,MFFW,fr Lille,24,1994,1.3,1,0,0,2,0,0,1,3,2,0,0,0,15,0,2,0.0,Matches
671,Erencan Yardimci\Erencan-Yardimci,tr TUR,MF,tr Galatasaray,17,2002,0.0,0,0,0,0,0,1,0,0,0,0,0,0,2,1,1,50.0,Matches
672,Yusuf Yaz?c?\Yusuf-Yazici,tr TUR,FWMF,fr Lille,22,1997,4.1,0,0,0,6,7,1,20,4,8,0,0,0,27,0,1,0.0,Matches
673,Amin Younes\Amin-Younes,de GER,FW,it Napoli,25,1993,0.1,0,0,0,0,0,0,0,0,0,0,0,0,1,0,0,,Matches
674,Abdulla Yusuf Helal\Abdulla-Yusuf-Helal,bh BHR,FW,cz Slavia Prague,26,1993,0.4,0,0,0,3,1,0,0,0,2,0,0,0,1,2,3,40.0,Matches
675,Dan-Axel Zagadou\Dan-Axel-Zagadou,fr FRA,DF,de Dortmund,20,1999,3.2,1,0,0,2,2,0,0,3,8,0,0,0,31,9,5,64.3,Matches
676,Duván Zapata\Duvan-Zapata,co COL,FW,it Atalanta,28,1991,2.7,0,0,0,10,4,3,3,0,0,0,0,0,11,5,6,45.5,Matches
677,Jaroslav Zelený\Jaroslav-Zeleny,cz CZE,MFFW,cz Slavia Prague,26,1992,1.2,0,0,0,1,0,0,0,1,1,0,0,0,12,0,1,0.0,Matches
678,Rifat Zhemaletdinov\Rifat-Zhemaletdinov,ru RUS,MFFW,ru Loko Moscow,22,1996,4.0,0,0,0,9,8,2,6,2,5,0,1,1,31,9,3,75.0,Matches
679,Yuri Zhirkov\Yuri-Zhirkov,ru RUS,DFMF,ru Zenit,35,1983,0.8,0,0,0,0,1,0,4,0,2,0,0,0,3,0,2,0.0,Matches
680,Piotr Zieli?ski\Piotr-Zielinski,pl POL,MF,it Napoli,25,1994,5.0,1,0,0,1,7,0,1,6,4,0,0,0,44,3,5,37.5,Matches
681,Oleksandr Zinchenko\Oleksandr-Zinchenko,ua UKR,DFMF,eng Manchester City,22,1996,1.3,0,0,0,1,0,0,1,3,2,0,0,0,6,1,0,100.0,Matches
682,Joshua Zirkzee\Joshua-Zirkzee,nl NED,FW,de Bayern Munich,18,2001,0.1,0,0,0,0,0,0,0,0,0,0,0,0,0,0,0,,Matches
683,Hakim Ziyech\Hakim-Ziyech,ma MAR,FWMF,nl Ajax,26,1993,5.5,0,0,0,11,2,1,35,2,8,0,0,0,43,1,6,14.3,Matches
684,Kurt Zouma\Kurt-Zouma,fr FRA,DF,eng Chelsea,24,1994,5.8,2,0,0,9,4,0,1,6,5,0,0,0,50,16,1,94.1,Matches
